path,subject_id,hand,quality,reason
data\processed\bmpd_roi\001\001_F_R_0_roi.png,001,R,,
data\processed\bmpd_roi\001\001_F_R_1_roi.png,001,R,,
data\processed\bmpd_roi\001\001_F_R_2_roi.png,001,R,b,crop
data\processed\bmpd_roi\001\001_F_R_3_roi.png,001,R,,
data\processed\bmpd_roi\001\001_F_R_4_roi.png,001,R,,
data\processed\bmpd_roi\001\001_F_R_5_roi.png,001,R,,
data\processed\bmpd_roi\001\001_F_R_6_roi.png,001,R,,
data\processed\bmpd_roi\001\001_F_R_7_roi.png,001,R,,
data\processed\bmpd_roi\001\001_F_R_8_roi.png,001,R,,
data\processed\bmpd_roi\001\001_F_R_9_roi.png,001,R,,
data\processed\bmpd_roi\001\001_S_R_10_roi.png,001,R,,
data\processed\bmpd_roi\001\001_S_R_11_roi.png,001,R,,
data\processed\bmpd_roi\001\001_S_R_12_roi.png,001,R,,
data\processed\bmpd_roi\001\001_S_R_13_roi.png,001,R,,
data\processed\bmpd_roi\001\001_S_R_14_roi.png,001,R,,
data\processed\bmpd_roi\001\001_S_R_15_roi.png,001,R,,
data\processed\bmpd_roi\001\001_S_R_16_roi.png,001,R,,
data\processed\bmpd_roi\001\001_S_R_17_roi.png,001,R,,
data\processed\bmpd_roi\001\001_S_R_18_roi.png,001,R,,
data\processed\bmpd_roi\001\001_S_R_19_roi.png,001,R,,
data\processed\bmpd_roi\001\001_S_L_20_roi.png,001,L,,
data\processed\bmpd_roi\001\001_S_L_21_roi.png,001,L,,
data\processed\bmpd_roi\001\001_S_L_22_roi.png,001,L,,
data\processed\bmpd_roi\001\001_S_L_23_roi.png,001,L,,
data\processed\bmpd_roi\001\001_S_L_24_roi.png,001,L,,
data\processed\bmpd_roi\001\001_S_L_25_roi.png,001,L,,
data\processed\bmpd_roi\001\001_S_L_26_roi.png,001,L,,
data\processed\bmpd_roi\001\001_S_L_27_roi.png,001,L,,
data\processed\bmpd_roi\001\001_S_L_28_roi.png,001,L,,
data\processed\bmpd_roi\001\001_S_L_29_roi.png,001,L,,
data\processed\bmpd_roi\001\001_F_L_30_roi.png,001,L,,
data\processed\bmpd_roi\001\001_F_L_31_roi.png,001,L,,
data\processed\bmpd_roi\001\001_F_L_32_roi.png,001,L,,
data\processed\bmpd_roi\001\001_F_L_33_roi.png,001,L,,
data\processed\bmpd_roi\001\001_F_L_34_roi.png,001,L,,
data\processed\bmpd_roi\001\001_F_L_35_roi.png,001,L,,
data\processed\bmpd_roi\001\001_F_L_36_roi.png,001,L,,
data\processed\bmpd_roi\001\001_F_L_37_roi.png,001,L,,
data\processed\bmpd_roi\001\001_F_L_38_roi.png,001,L,,
data\processed\bmpd_roi\001\001_F_L_39_roi.png,001,L,,
data\processed\bmpd_roi\002\002_F_R_0_roi.png,002,R,,
data\processed\bmpd_roi\002\002_F_R_1_roi.png,002,R,,
data\processed\bmpd_roi\002\002_F_R_2_roi.png,002,R,,
data\processed\bmpd_roi\002\002_F_R_3_roi.png,002,R,,
data\processed\bmpd_roi\002\002_F_R_4_roi.png,002,R,,
data\processed\bmpd_roi\002\002_F_R_5_roi.png,002,R,,
data\processed\bmpd_roi\002\002_F_R_6_roi.png,002,R,,
data\processed\bmpd_roi\002\002_F_R_7_roi.png,002,R,,
data\processed\bmpd_roi\002\002_F_R_8_roi.png,002,R,,
data\processed\bmpd_roi\002\002_F_R_9_roi.png,002,R,,
data\processed\bmpd_roi\002\002_S_R_10_roi.png,002,R,,
data\processed\bmpd_roi\002\002_S_R_11_roi.png,002,R,,
data\processed\bmpd_roi\002\002_S_R_12_roi.png,002,R,,
data\processed\bmpd_roi\002\002_S_R_13_roi.png,002,R,,
data\processed\bmpd_roi\002\002_S_R_14_roi.png,002,R,,
data\processed\bmpd_roi\002\002_S_R_15_roi.png,002,R,,
data\processed\bmpd_roi\002\002_S_R_16_roi.png,002,R,,
data\processed\bmpd_roi\002\002_S_R_17_roi.png,002,R,,
data\processed\bmpd_roi\002\002_S_R_18_roi.png,002,R,,
data\processed\bmpd_roi\002\002_S_R_19_roi.png,002,R,,
data\processed\bmpd_roi\002\002_S_L_20_roi.png,002,L,,
data\processed\bmpd_roi\002\002_S_L_21_roi.png,002,L,,
data\processed\bmpd_roi\002\002_S_L_22_roi.png,002,L,,
data\processed\bmpd_roi\002\002_S_L_23_roi.png,002,L,,
data\processed\bmpd_roi\002\002_S_L_24_roi.png,002,L,,
data\processed\bmpd_roi\002\002_S_L_25_roi.png,002,L,,
data\processed\bmpd_roi\002\002_S_L_26_roi.png,002,L,b,crop
data\processed\bmpd_roi\002\002_S_L_27_roi.png,002,L,b,crop
data\processed\bmpd_roi\002\002_S_L_28_roi.png,002,L,,
data\processed\bmpd_roi\002\002_S_L_29_roi.png,002,L,,
data\processed\bmpd_roi\002\002_F_L_30_roi.png,002,L,,
data\processed\bmpd_roi\002\002_F_L_31_roi.png,002,L,,
data\processed\bmpd_roi\002\002_F_L_32_roi.png,002,L,b,crop
data\processed\bmpd_roi\002\002_F_L_33_roi.png,002,L,b,crop
data\processed\bmpd_roi\002\002_F_L_34_roi.png,002,L,b,crop
data\processed\bmpd_roi\002\002_F_L_35_roi.png,002,L,b,crop
data\processed\bmpd_roi\002\002_F_L_36_roi.png,002,L,b,crop
data\processed\bmpd_roi\002\002_F_L_37_roi.png,002,L,b,crop
data\processed\bmpd_roi\002\002_F_L_38_roi.png,002,L,b,crop
data\processed\bmpd_roi\002\002_F_L_39_roi.png,002,L,b,crop
data\processed\bmpd_roi\003\003_F_R_0_roi.png,003,R,,
data\processed\bmpd_roi\003\003_F_R_1_roi.png,003,R,,
data\processed\bmpd_roi\003\003_F_R_2_roi.png,003,R,,
data\processed\bmpd_roi\003\003_F_R_3_roi.png,003,R,,
data\processed\bmpd_roi\003\003_F_R_4_roi.png,003,R,,
data\processed\bmpd_roi\003\003_F_R_5_roi.png,003,R,,
data\processed\bmpd_roi\003\003_F_R_6_roi.png,003,R,,
data\processed\bmpd_roi\003\003_F_R_7_roi.png,003,R,,
data\processed\bmpd_roi\003\003_F_R_8_roi.png,003,R,,
data\processed\bmpd_roi\003\003_F_R_9_roi.png,003,R,,
data\processed\bmpd_roi\003\003_S_R_10_roi.png,003,R,,
data\processed\bmpd_roi\003\003_S_R_11_roi.png,003,R,,
data\processed\bmpd_roi\003\003_S_R_12_roi.png,003,R,,
data\processed\bmpd_roi\003\003_S_R_13_roi.png,003,R,,
data\processed\bmpd_roi\003\003_S_R_14_roi.png,003,R,,
data\processed\bmpd_roi\003\003_S_R_15_roi.png,003,R,,
data\processed\bmpd_roi\003\003_S_R_16_roi.png,003,R,,
data\processed\bmpd_roi\003\003_S_R_17_roi.png,003,R,,
data\processed\bmpd_roi\003\003_S_R_18_roi.png,003,R,,
data\processed\bmpd_roi\003\003_S_R_19_roi.png,003,R,,
data\processed\bmpd_roi\003\003_S_L_20_roi.png,003,L,,
data\processed\bmpd_roi\003\003_S_L_21_roi.png,003,L,,
data\processed\bmpd_roi\003\003_S_L_22_roi.png,003,L,,
data\processed\bmpd_roi\003\003_S_L_23_roi.png,003,L,,
data\processed\bmpd_roi\003\003_S_L_24_roi.png,003,L,,
data\processed\bmpd_roi\003\003_S_L_25_roi.png,003,L,,
data\processed\bmpd_roi\003\003_S_L_26_roi.png,003,L,,
data\processed\bmpd_roi\003\003_S_L_27_roi.png,003,L,,
data\processed\bmpd_roi\003\003_S_L_28_roi.png,003,L,,
data\processed\bmpd_roi\003\003_S_L_29_roi.png,003,L,,
data\processed\bmpd_roi\003\003_F_L_30_roi.png,003,L,,
data\processed\bmpd_roi\003\003_F_L_31_roi.png,003,L,,
data\processed\bmpd_roi\003\003_F_L_32_roi.png,003,L,,
data\processed\bmpd_roi\003\003_F_L_33_roi.png,003,L,,
data\processed\bmpd_roi\003\003_F_L_34_roi.png,003,L,,
data\processed\bmpd_roi\003\003_F_L_35_roi.png,003,L,,
data\processed\bmpd_roi\003\003_F_L_36_roi.png,003,L,,
data\processed\bmpd_roi\003\003_F_L_37_roi.png,003,L,,
data\processed\bmpd_roi\003\003_F_L_38_roi.png,003,L,,
data\processed\bmpd_roi\003\003_F_L_39_roi.png,003,L,,
data\processed\bmpd_roi\004\004_F_R_0_roi.png,004,R,,
data\processed\bmpd_roi\004\004_F_R_1_roi.png,004,R,,
data\processed\bmpd_roi\004\004_F_R_2_roi.png,004,R,,
data\processed\bmpd_roi\004\004_F_R_3_roi.png,004,R,,
data\processed\bmpd_roi\004\004_F_R_4_roi.png,004,R,,
data\processed\bmpd_roi\004\004_F_R_5_roi.png,004,R,,
data\processed\bmpd_roi\004\004_F_R_6_roi.png,004,R,,
data\processed\bmpd_roi\004\004_F_R_7_roi.png,004,R,,
data\processed\bmpd_roi\004\004_F_R_8_roi.png,004,R,,
data\processed\bmpd_roi\004\004_F_R_9_roi.png,004,R,,
data\processed\bmpd_roi\004\004_S_R_10_roi.png,004,R,,
data\processed\bmpd_roi\004\004_S_R_11_roi.png,004,R,,
data\processed\bmpd_roi\004\004_S_R_12_roi.png,004,R,,
data\processed\bmpd_roi\004\004_S_R_13_roi.png,004,R,,
data\processed\bmpd_roi\004\004_S_R_14_roi.png,004,R,,
data\processed\bmpd_roi\004\004_S_R_15_roi.png,004,R,,
data\processed\bmpd_roi\004\004_S_R_16_roi.png,004,R,,
data\processed\bmpd_roi\004\004_S_R_17_roi.png,004,R,,
data\processed\bmpd_roi\004\004_S_R_18_roi.png,004,R,,
data\processed\bmpd_roi\004\004_S_R_19_roi.png,004,R,,
data\processed\bmpd_roi\004\004_S_L_20_roi.png,004,L,,
data\processed\bmpd_roi\004\004_S_L_21_roi.png,004,L,,
data\processed\bmpd_roi\004\004_S_L_22_roi.png,004,L,,
data\processed\bmpd_roi\004\004_S_L_23_roi.png,004,L,,
data\processed\bmpd_roi\004\004_S_L_24_roi.png,004,L,b,crop
data\processed\bmpd_roi\004\004_S_L_25_roi.png,004,L,,
data\processed\bmpd_roi\004\004_S_L_26_roi.png,004,L,b,crop
data\processed\bmpd_roi\004\004_S_L_27_roi.png,004,L,,
data\processed\bmpd_roi\004\004_S_L_28_roi.png,004,L,b,crop
data\processed\bmpd_roi\004\004_S_L_29_roi.png,004,L,,
data\processed\bmpd_roi\004\004_F_L_30_roi.png,004,L,b,crop
data\processed\bmpd_roi\004\004_F_L_31_roi.png,004,L,,
data\processed\bmpd_roi\004\004_F_L_32_roi.png,004,L,b,crop
data\processed\bmpd_roi\004\004_F_L_33_roi.png,004,L,b,crop
data\processed\bmpd_roi\004\004_F_L_34_roi.png,004,L,b,crop
data\processed\bmpd_roi\004\004_F_L_35_roi.png,004,L,b,crop
data\processed\bmpd_roi\004\004_F_L_36_roi.png,004,L,,
data\processed\bmpd_roi\004\004_F_L_37_roi.png,004,L,,
data\processed\bmpd_roi\004\004_F_L_38_roi.png,004,L,,
data\processed\bmpd_roi\004\004_F_L_39_roi.png,004,L,,
data\processed\bmpd_roi\005\005_F_R_0_roi.png,005,R,,
data\processed\bmpd_roi\005\005_F_R_1_roi.png,005,R,,
data\processed\bmpd_roi\005\005_F_R_2_roi.png,005,R,,
data\processed\bmpd_roi\005\005_F_R_3_roi.png,005,R,,
data\processed\bmpd_roi\005\005_F_R_4_roi.png,005,R,,
data\processed\bmpd_roi\005\005_F_R_5_roi.png,005,R,,
data\processed\bmpd_roi\005\005_F_R_6_roi.png,005,R,,
data\processed\bmpd_roi\005\005_F_R_7_roi.png,005,R,,
data\processed\bmpd_roi\005\005_F_R_8_roi.png,005,R,,
data\processed\bmpd_roi\005\005_F_R_9_roi.png,005,R,,
data\processed\bmpd_roi\005\005_S_R_10_roi.png,005,R,,
data\processed\bmpd_roi\005\005_S_R_11_roi.png,005,R,,
data\processed\bmpd_roi\005\005_S_R_12_roi.png,005,R,,
data\processed\bmpd_roi\005\005_S_R_13_roi.png,005,R,,
data\processed\bmpd_roi\005\005_S_R_14_roi.png,005,R,,
data\processed\bmpd_roi\005\005_S_R_15_roi.png,005,R,,
data\processed\bmpd_roi\005\005_S_R_16_roi.png,005,R,,
data\processed\bmpd_roi\005\005_S_R_17_roi.png,005,R,,
data\processed\bmpd_roi\005\005_S_R_18_roi.png,005,R,,
data\processed\bmpd_roi\005\005_S_R_19_roi.png,005,R,,
data\processed\bmpd_roi\005\005_S_L_20_roi.png,005,L,,
data\processed\bmpd_roi\005\005_S_L_21_roi.png,005,L,,
data\processed\bmpd_roi\005\005_S_L_22_roi.png,005,L,,
data\processed\bmpd_roi\005\005_S_L_23_roi.png,005,L,,
data\processed\bmpd_roi\005\005_S_L_24_roi.png,005,L,,
data\processed\bmpd_roi\005\005_S_L_25_roi.png,005,L,,
data\processed\bmpd_roi\005\005_S_L_26_roi.png,005,L,,
data\processed\bmpd_roi\005\005_S_L_27_roi.png,005,L,,
data\processed\bmpd_roi\005\005_S_L_28_roi.png,005,L,,
data\processed\bmpd_roi\005\005_S_L_29_roi.png,005,L,,
data\processed\bmpd_roi\005\005_F_L_30_roi.png,005,L,,
data\processed\bmpd_roi\005\005_F_L_31_roi.png,005,L,,
data\processed\bmpd_roi\005\005_F_L_32_roi.png,005,L,,
data\processed\bmpd_roi\005\005_F_L_33_roi.png,005,L,,
data\processed\bmpd_roi\005\005_F_L_34_roi.png,005,L,,
data\processed\bmpd_roi\005\005_F_L_35_roi.png,005,L,,
data\processed\bmpd_roi\005\005_F_L_36_roi.png,005,L,,
data\processed\bmpd_roi\005\005_F_L_37_roi.png,005,L,,
data\processed\bmpd_roi\005\005_F_L_38_roi.png,005,L,,
data\processed\bmpd_roi\005\005_F_L_39_roi.png,005,L,,
data\processed\bmpd_roi\006\006_F_R_0_roi.png,006,R,b,crop
data\processed\bmpd_roi\006\006_F_R_1_roi.png,006,R,b,crop
data\processed\bmpd_roi\006\006_F_R_2_roi.png,006,R,b,crop
data\processed\bmpd_roi\006\006_F_R_3_roi.png,006,R,b,crop
data\processed\bmpd_roi\006\006_F_R_4_roi.png,006,R,b,crop
data\processed\bmpd_roi\006\006_F_R_5_roi.png,006,R,b,crop
data\processed\bmpd_roi\006\006_F_R_6_roi.png,006,R,b,crop
data\processed\bmpd_roi\006\006_F_R_7_roi.png,006,R,b,crop
data\processed\bmpd_roi\006\006_F_R_8_roi.png,006,R,b,crop
data\processed\bmpd_roi\006\006_F_R_9_roi.png,006,R,b,crop
data\processed\bmpd_roi\006\006_S_R_10_roi.png,006,R,b,crop
data\processed\bmpd_roi\006\006_S_R_11_roi.png,006,R,b,crop
data\processed\bmpd_roi\006\006_S_R_12_roi.png,006,R,b,crop
data\processed\bmpd_roi\006\006_S_R_13_roi.png,006,R,b,crop
data\processed\bmpd_roi\006\006_S_R_14_roi.png,006,R,b,crop
data\processed\bmpd_roi\006\006_S_R_15_roi.png,006,R,b,crop
data\processed\bmpd_roi\006\006_S_R_16_roi.png,006,R,b,crop
data\processed\bmpd_roi\006\006_S_R_17_roi.png,006,R,b,crop
data\processed\bmpd_roi\006\006_S_R_18_roi.png,006,R,b,crop
data\processed\bmpd_roi\006\006_S_R_19_roi.png,006,R,b,crop
data\processed\bmpd_roi\006\006_S_L_20_roi.png,006,L,,
data\processed\bmpd_roi\006\006_S_L_21_roi.png,006,L,,
data\processed\bmpd_roi\006\006_S_L_22_roi.png,006,L,,
data\processed\bmpd_roi\006\006_S_L_23_roi.png,006,L,,
data\processed\bmpd_roi\006\006_S_L_24_roi.png,006,L,,
data\processed\bmpd_roi\006\006_S_L_25_roi.png,006,L,,
data\processed\bmpd_roi\006\006_S_L_26_roi.png,006,L,,
data\processed\bmpd_roi\006\006_S_L_27_roi.png,006,L,b,crop
data\processed\bmpd_roi\006\006_S_L_28_roi.png,006,L,b,crop
data\processed\bmpd_roi\006\006_S_L_29_roi.png,006,L,,
data\processed\bmpd_roi\006\006_F_L_30_roi.png,006,L,,
data\processed\bmpd_roi\006\006_F_L_31_roi.png,006,L,,
data\processed\bmpd_roi\006\006_F_L_32_roi.png,006,L,,
data\processed\bmpd_roi\006\006_F_L_33_roi.png,006,L,,
data\processed\bmpd_roi\006\006_F_L_34_roi.png,006,L,,
data\processed\bmpd_roi\006\006_F_L_35_roi.png,006,L,,
data\processed\bmpd_roi\006\006_F_L_36_roi.png,006,L,,
data\processed\bmpd_roi\006\006_F_L_37_roi.png,006,L,b,crop
data\processed\bmpd_roi\006\006_F_L_38_roi.png,006,L,b,crop
data\processed\bmpd_roi\006\006_F_L_39_roi.png,006,L,,
data\processed\bmpd_roi\007\007_F_R_0_roi.png,007,R,,
data\processed\bmpd_roi\007\007_F_R_1_roi.png,007,R,,
data\processed\bmpd_roi\007\007_F_R_2_roi.png,007,R,,
data\processed\bmpd_roi\007\007_F_R_3_roi.png,007,R,,
data\processed\bmpd_roi\007\007_F_R_4_roi.png,007,R,,
data\processed\bmpd_roi\007\007_F_R_5_roi.png,007,R,,
data\processed\bmpd_roi\007\007_F_R_6_roi.png,007,R,,
data\processed\bmpd_roi\007\007_F_R_7_roi.png,007,R,,
data\processed\bmpd_roi\007\007_F_R_8_roi.png,007,R,,
data\processed\bmpd_roi\007\007_F_R_9_roi.png,007,R,,
data\processed\bmpd_roi\007\007_S_R_10_roi.png,007,R,,
data\processed\bmpd_roi\007\007_S_R_11_roi.png,007,R,,
data\processed\bmpd_roi\007\007_S_R_12_roi.png,007,R,,
data\processed\bmpd_roi\007\007_S_R_13_roi.png,007,R,,
data\processed\bmpd_roi\007\007_S_R_14_roi.png,007,R,,
data\processed\bmpd_roi\007\007_S_R_15_roi.png,007,R,,
data\processed\bmpd_roi\007\007_S_R_16_roi.png,007,R,,
data\processed\bmpd_roi\007\007_S_R_17_roi.png,007,R,,
data\processed\bmpd_roi\007\007_S_R_18_roi.png,007,R,,
data\processed\bmpd_roi\007\007_S_R_19_roi.png,007,R,,
data\processed\bmpd_roi\007\007_S_L_20_roi.png,007,L,,
data\processed\bmpd_roi\007\007_S_L_21_roi.png,007,L,,
data\processed\bmpd_roi\007\007_S_L_22_roi.png,007,L,,
data\processed\bmpd_roi\007\007_S_L_23_roi.png,007,L,,
data\processed\bmpd_roi\007\007_S_L_24_roi.png,007,L,,
data\processed\bmpd_roi\007\007_S_L_25_roi.png,007,L,,
data\processed\bmpd_roi\007\007_S_L_26_roi.png,007,L,,
data\processed\bmpd_roi\007\007_S_L_27_roi.png,007,L,,
data\processed\bmpd_roi\007\007_S_L_28_roi.png,007,L,,
data\processed\bmpd_roi\007\007_S_L_29_roi.png,007,L,,
data\processed\bmpd_roi\007\007_F_L_30_roi.png,007,L,,
data\processed\bmpd_roi\007\007_F_L_31_roi.png,007,L,,
data\processed\bmpd_roi\007\007_F_L_32_roi.png,007,L,,
data\processed\bmpd_roi\007\007_F_L_33_roi.png,007,L,,
data\processed\bmpd_roi\007\007_F_L_34_roi.png,007,L,,
data\processed\bmpd_roi\007\007_F_L_35_roi.png,007,L,,
data\processed\bmpd_roi\007\007_F_L_36_roi.png,007,L,,
data\processed\bmpd_roi\007\007_F_L_37_roi.png,007,L,,
data\processed\bmpd_roi\007\007_F_L_38_roi.png,007,L,,
data\processed\bmpd_roi\007\007_F_L_39_roi.png,007,L,,
data\processed\bmpd_roi\008\008_F_R_0_roi.png,008,R,,
data\processed\bmpd_roi\008\008_F_R_1_roi.png,008,R,,
data\processed\bmpd_roi\008\008_F_R_2_roi.png,008,R,,
data\processed\bmpd_roi\008\008_F_R_3_roi.png,008,R,,
data\processed\bmpd_roi\008\008_F_R_4_roi.png,008,R,,
data\processed\bmpd_roi\008\008_F_R_5_roi.png,008,R,,
data\processed\bmpd_roi\008\008_F_R_6_roi.png,008,R,,
data\processed\bmpd_roi\008\008_F_R_7_roi.png,008,R,,
data\processed\bmpd_roi\008\008_F_R_8_roi.png,008,R,,
data\processed\bmpd_roi\008\008_F_R_9_roi.png,008,R,,
data\processed\bmpd_roi\008\008_S_R_10_roi.png,008,R,,
data\processed\bmpd_roi\008\008_S_R_11_roi.png,008,R,,
data\processed\bmpd_roi\008\008_S_R_12_roi.png,008,R,,
data\processed\bmpd_roi\008\008_S_R_13_roi.png,008,R,,
data\processed\bmpd_roi\008\008_S_R_14_roi.png,008,R,,
data\processed\bmpd_roi\008\008_S_R_15_roi.png,008,R,,
data\processed\bmpd_roi\008\008_S_R_16_roi.png,008,R,,
data\processed\bmpd_roi\008\008_S_R_17_roi.png,008,R,,
data\processed\bmpd_roi\008\008_S_R_18_roi.png,008,R,,
data\processed\bmpd_roi\008\008_S_R_19_roi.png,008,R,,
data\processed\bmpd_roi\008\008_S_L_20_roi.png,008,L,,
data\processed\bmpd_roi\008\008_S_L_21_roi.png,008,L,,
data\processed\bmpd_roi\008\008_S_L_22_roi.png,008,L,,
data\processed\bmpd_roi\008\008_S_L_23_roi.png,008,L,,
data\processed\bmpd_roi\008\008_S_L_24_roi.png,008,L,,
data\processed\bmpd_roi\008\008_S_L_25_roi.png,008,L,,
data\processed\bmpd_roi\008\008_S_L_26_roi.png,008,L,,
data\processed\bmpd_roi\008\008_S_L_27_roi.png,008,L,,
data\processed\bmpd_roi\008\008_S_L_28_roi.png,008,L,,
data\processed\bmpd_roi\008\008_S_L_29_roi.png,008,L,,
data\processed\bmpd_roi\008\008_F_L_30_roi.png,008,L,,
data\processed\bmpd_roi\008\008_F_L_31_roi.png,008,L,,
data\processed\bmpd_roi\008\008_F_L_32_roi.png,008,L,,
data\processed\bmpd_roi\008\008_F_L_33_roi.png,008,L,,
data\processed\bmpd_roi\008\008_F_L_34_roi.png,008,L,,
data\processed\bmpd_roi\008\008_F_L_35_roi.png,008,L,,
data\processed\bmpd_roi\008\008_F_L_36_roi.png,008,L,,
data\processed\bmpd_roi\008\008_F_L_37_roi.png,008,L,,
data\processed\bmpd_roi\008\008_F_L_38_roi.png,008,L,,
data\processed\bmpd_roi\008\008_F_L_39_roi.png,008,L,,
data\processed\bmpd_roi\009\009_F_R_0_roi.png,009,R,,
data\processed\bmpd_roi\009\009_F_R_1_roi.png,009,R,,
data\processed\bmpd_roi\009\009_F_R_2_roi.png,009,R,,
data\processed\bmpd_roi\009\009_F_R_3_roi.png,009,R,,
data\processed\bmpd_roi\009\009_F_R_4_roi.png,009,R,,
data\processed\bmpd_roi\009\009_F_R_5_roi.png,009,R,,
data\processed\bmpd_roi\009\009_F_R_6_roi.png,009,R,,
data\processed\bmpd_roi\009\009_F_R_7_roi.png,009,R,,
data\processed\bmpd_roi\009\009_F_R_8_roi.png,009,R,,
data\processed\bmpd_roi\009\009_F_R_9_roi.png,009,R,,
data\processed\bmpd_roi\009\009_S_R_10_roi.png,009,R,,
data\processed\bmpd_roi\009\009_S_R_11_roi.png,009,R,,
data\processed\bmpd_roi\009\009_S_R_12_roi.png,009,R,,
data\processed\bmpd_roi\009\009_S_R_13_roi.png,009,R,,
data\processed\bmpd_roi\009\009_S_R_14_roi.png,009,R,,
data\processed\bmpd_roi\009\009_S_R_15_roi.png,009,R,,
data\processed\bmpd_roi\009\009_S_R_16_roi.png,009,R,,
data\processed\bmpd_roi\009\009_S_R_17_roi.png,009,R,,
data\processed\bmpd_roi\009\009_S_R_18_roi.png,009,R,,
data\processed\bmpd_roi\009\009_S_R_19_roi.png,009,R,,
data\processed\bmpd_roi\009\009_S_L_20_roi.png,009,L,,
data\processed\bmpd_roi\009\009_S_L_21_roi.png,009,L,,
data\processed\bmpd_roi\009\009_S_L_22_roi.png,009,L,,
data\processed\bmpd_roi\009\009_S_L_23_roi.png,009,L,,
data\processed\bmpd_roi\009\009_S_L_24_roi.png,009,L,,
data\processed\bmpd_roi\009\009_S_L_25_roi.png,009,L,,
data\processed\bmpd_roi\009\009_S_L_26_roi.png,009,L,,
data\processed\bmpd_roi\009\009_S_L_27_roi.png,009,L,,
data\processed\bmpd_roi\009\009_S_L_28_roi.png,009,L,,
data\processed\bmpd_roi\009\009_S_L_29_roi.png,009,L,,
data\processed\bmpd_roi\009\009_F_L_30_roi.png,009,L,,
data\processed\bmpd_roi\009\009_F_L_31_roi.png,009,L,,
data\processed\bmpd_roi\009\009_F_L_32_roi.png,009,L,,
data\processed\bmpd_roi\009\009_F_L_33_roi.png,009,L,,
data\processed\bmpd_roi\009\009_F_L_34_roi.png,009,L,,
data\processed\bmpd_roi\009\009_F_L_35_roi.png,009,L,,
data\processed\bmpd_roi\009\009_F_L_36_roi.png,009,L,,
data\processed\bmpd_roi\009\009_F_L_37_roi.png,009,L,,
data\processed\bmpd_roi\009\009_F_L_38_roi.png,009,L,,
data\processed\bmpd_roi\009\009_F_L_39_roi.png,009,L,,
data\processed\bmpd_roi\010\010_F_R_0_roi.png,010,R,,
data\processed\bmpd_roi\010\010_F_R_1_roi.png,010,R,,
data\processed\bmpd_roi\010\010_F_R_2_roi.png,010,R,,
data\processed\bmpd_roi\010\010_F_R_3_roi.png,010,R,,
data\processed\bmpd_roi\010\010_F_R_4_roi.png,010,R,,
data\processed\bmpd_roi\010\010_F_R_5_roi.png,010,R,,
data\processed\bmpd_roi\010\010_F_R_6_roi.png,010,R,,
data\processed\bmpd_roi\010\010_F_R_7_roi.png,010,R,,
data\processed\bmpd_roi\010\010_F_R_8_roi.png,010,R,,
data\processed\bmpd_roi\010\010_F_R_9_roi.png,010,R,,
data\processed\bmpd_roi\010\010_S_R_10_roi.png,010,R,,
data\processed\bmpd_roi\010\010_S_R_11_roi.png,010,R,,
data\processed\bmpd_roi\010\010_S_R_12_roi.png,010,R,,
data\processed\bmpd_roi\010\010_S_R_13_roi.png,010,R,,
data\processed\bmpd_roi\010\010_S_R_14_roi.png,010,R,,
data\processed\bmpd_roi\010\010_S_R_15_roi.png,010,R,,
data\processed\bmpd_roi\010\010_S_R_16_roi.png,010,R,,
data\processed\bmpd_roi\010\010_S_R_17_roi.png,010,R,,
data\processed\bmpd_roi\010\010_S_R_18_roi.png,010,R,,
data\processed\bmpd_roi\010\010_S_R_19_roi.png,010,R,,
data\processed\bmpd_roi\010\010_S_L_20_roi.png,010,L,,
data\processed\bmpd_roi\010\010_S_L_21_roi.png,010,L,,
data\processed\bmpd_roi\010\010_S_L_22_roi.png,010,L,,
data\processed\bmpd_roi\010\010_S_L_23_roi.png,010,L,,
data\processed\bmpd_roi\010\010_S_L_24_roi.png,010,L,,
data\processed\bmpd_roi\010\010_S_L_25_roi.png,010,L,,
data\processed\bmpd_roi\010\010_S_L_26_roi.png,010,L,,
data\processed\bmpd_roi\010\010_S_L_27_roi.png,010,L,,
data\processed\bmpd_roi\010\010_S_L_28_roi.png,010,L,,
data\processed\bmpd_roi\010\010_S_L_29_roi.png,010,L,,
data\processed\bmpd_roi\010\010_F_L_30_roi.png,010,L,,
data\processed\bmpd_roi\010\010_F_L_31_roi.png,010,L,,
data\processed\bmpd_roi\010\010_F_L_32_roi.png,010,L,,
data\processed\bmpd_roi\010\010_F_L_33_roi.png,010,L,,
data\processed\bmpd_roi\010\010_F_L_34_roi.png,010,L,,
data\processed\bmpd_roi\010\010_F_L_35_roi.png,010,L,,
data\processed\bmpd_roi\010\010_F_L_36_roi.png,010,L,,
data\processed\bmpd_roi\010\010_F_L_37_roi.png,010,L,,
data\processed\bmpd_roi\010\010_F_L_38_roi.png,010,L,,
data\processed\bmpd_roi\010\010_F_L_39_roi.png,010,L,,
data\processed\bmpd_roi\011\011_F_R_0_roi.png,011,R,,
data\processed\bmpd_roi\011\011_F_R_1_roi.png,011,R,,
data\processed\bmpd_roi\011\011_F_R_2_roi.png,011,R,,
data\processed\bmpd_roi\011\011_F_R_3_roi.png,011,R,,
data\processed\bmpd_roi\011\011_F_R_4_roi.png,011,R,,
data\processed\bmpd_roi\011\011_F_R_5_roi.png,011,R,,
data\processed\bmpd_roi\011\011_F_R_6_roi.png,011,R,,
data\processed\bmpd_roi\011\011_F_R_7_roi.png,011,R,,
data\processed\bmpd_roi\011\011_F_R_8_roi.png,011,R,,
data\processed\bmpd_roi\011\011_F_R_9_roi.png,011,R,,
data\processed\bmpd_roi\011\011_S_R_10_roi.png,011,R,,
data\processed\bmpd_roi\011\011_S_R_11_roi.png,011,R,,
data\processed\bmpd_roi\011\011_S_R_12_roi.png,011,R,,
data\processed\bmpd_roi\011\011_S_R_13_roi.png,011,R,,
data\processed\bmpd_roi\011\011_S_R_14_roi.png,011,R,,
data\processed\bmpd_roi\011\011_S_R_15_roi.png,011,R,,
data\processed\bmpd_roi\011\011_S_R_16_roi.png,011,R,,
data\processed\bmpd_roi\011\011_S_R_17_roi.png,011,R,,
data\processed\bmpd_roi\011\011_S_R_18_roi.png,011,R,,
data\processed\bmpd_roi\011\011_S_R_19_roi.png,011,R,,
data\processed\bmpd_roi\011\011_S_L_20_roi.png,011,L,,
data\processed\bmpd_roi\011\011_S_L_21_roi.png,011,L,,
data\processed\bmpd_roi\011\011_S_L_22_roi.png,011,L,,
data\processed\bmpd_roi\011\011_S_L_23_roi.png,011,L,,
data\processed\bmpd_roi\011\011_S_L_24_roi.png,011,L,,
data\processed\bmpd_roi\011\011_S_L_25_roi.png,011,L,,
data\processed\bmpd_roi\011\011_S_L_26_roi.png,011,L,,
data\processed\bmpd_roi\011\011_S_L_27_roi.png,011,L,,
data\processed\bmpd_roi\011\011_S_L_28_roi.png,011,L,,
data\processed\bmpd_roi\011\011_S_L_29_roi.png,011,L,,
data\processed\bmpd_roi\011\011_F_L_30_roi.png,011,L,,
data\processed\bmpd_roi\011\011_F_L_31_roi.png,011,L,,
data\processed\bmpd_roi\011\011_F_L_32_roi.png,011,L,,
data\processed\bmpd_roi\011\011_F_L_33_roi.png,011,L,,
data\processed\bmpd_roi\011\011_F_L_34_roi.png,011,L,,
data\processed\bmpd_roi\011\011_F_L_35_roi.png,011,L,,
data\processed\bmpd_roi\011\011_F_L_36_roi.png,011,L,,
data\processed\bmpd_roi\011\011_F_L_37_roi.png,011,L,,
data\processed\bmpd_roi\011\011_F_L_38_roi.png,011,L,,
data\processed\bmpd_roi\011\011_F_L_39_roi.png,011,L,,
data\processed\bmpd_roi\012\012_F_R_0_roi.png,012,R,,
data\processed\bmpd_roi\012\012_F_R_1_roi.png,012,R,,
data\processed\bmpd_roi\012\012_F_R_2_roi.png,012,R,,
data\processed\bmpd_roi\012\012_F_R_3_roi.png,012,R,,
data\processed\bmpd_roi\012\012_F_R_4_roi.png,012,R,,
data\processed\bmpd_roi\012\012_F_R_5_roi.png,012,R,,
data\processed\bmpd_roi\012\012_F_R_6_roi.png,012,R,,
data\processed\bmpd_roi\012\012_F_R_7_roi.png,012,R,b,crop
data\processed\bmpd_roi\012\012_F_R_8_roi.png,012,R,b,crop
data\processed\bmpd_roi\012\012_F_R_9_roi.png,012,R,,
data\processed\bmpd_roi\012\012_S_R_10_roi.png,012,R,,
data\processed\bmpd_roi\012\012_S_R_11_roi.png,012,R,,
data\processed\bmpd_roi\012\012_S_R_12_roi.png,012,R,,
data\processed\bmpd_roi\012\012_S_R_13_roi.png,012,R,,
data\processed\bmpd_roi\012\012_S_R_14_roi.png,012,R,,
data\processed\bmpd_roi\012\012_S_R_15_roi.png,012,R,,
data\processed\bmpd_roi\012\012_S_R_16_roi.png,012,R,,
data\processed\bmpd_roi\012\012_S_R_17_roi.png,012,R,,
data\processed\bmpd_roi\012\012_S_R_18_roi.png,012,R,,
data\processed\bmpd_roi\012\012_S_R_19_roi.png,012,R,,
data\processed\bmpd_roi\012\012_S_L_20_roi.png,012,L,,
data\processed\bmpd_roi\012\012_S_L_21_roi.png,012,L,,
data\processed\bmpd_roi\012\012_S_L_22_roi.png,012,L,,
data\processed\bmpd_roi\012\012_S_L_23_roi.png,012,L,,
data\processed\bmpd_roi\012\012_S_L_24_roi.png,012,L,,
data\processed\bmpd_roi\012\012_S_L_25_roi.png,012,L,,
data\processed\bmpd_roi\012\012_S_L_26_roi.png,012,L,,
data\processed\bmpd_roi\012\012_S_L_27_roi.png,012,L,,
data\processed\bmpd_roi\012\012_S_L_28_roi.png,012,L,,
data\processed\bmpd_roi\012\012_S_L_29_roi.png,012,L,,
data\processed\bmpd_roi\012\012_F_L_30_roi.png,012,L,,
data\processed\bmpd_roi\012\012_F_L_31_roi.png,012,L,,
data\processed\bmpd_roi\012\012_F_L_32_roi.png,012,L,,
data\processed\bmpd_roi\012\012_F_L_33_roi.png,012,L,,
data\processed\bmpd_roi\012\012_F_L_34_roi.png,012,L,,
data\processed\bmpd_roi\012\012_F_L_35_roi.png,012,L,,
data\processed\bmpd_roi\012\012_F_L_36_roi.png,012,L,,
data\processed\bmpd_roi\012\012_F_L_37_roi.png,012,L,,
data\processed\bmpd_roi\012\012_F_L_38_roi.png,012,L,,
data\processed\bmpd_roi\012\012_F_L_39_roi.png,012,L,,
data\processed\bmpd_roi\013\013_F_R_0_roi.png,013,R,,
data\processed\bmpd_roi\013\013_F_R_1_roi.png,013,R,,
data\processed\bmpd_roi\013\013_F_R_2_roi.png,013,R,,
data\processed\bmpd_roi\013\013_F_R_3_roi.png,013,R,,
data\processed\bmpd_roi\013\013_F_R_4_roi.png,013,R,,
data\processed\bmpd_roi\013\013_F_R_5_roi.png,013,R,,
data\processed\bmpd_roi\013\013_F_R_6_roi.png,013,R,,
data\processed\bmpd_roi\013\013_F_R_7_roi.png,013,R,,
data\processed\bmpd_roi\013\013_F_R_8_roi.png,013,R,,
data\processed\bmpd_roi\013\013_F_R_9_roi.png,013,R,,
data\processed\bmpd_roi\013\013_S_R_10_roi.png,013,R,,
data\processed\bmpd_roi\013\013_S_R_11_roi.png,013,R,,
data\processed\bmpd_roi\013\013_S_R_12_roi.png,013,R,,
data\processed\bmpd_roi\013\013_S_R_13_roi.png,013,R,,
data\processed\bmpd_roi\013\013_S_R_14_roi.png,013,R,,
data\processed\bmpd_roi\013\013_S_R_15_roi.png,013,R,,
data\processed\bmpd_roi\013\013_S_R_16_roi.png,013,R,,
data\processed\bmpd_roi\013\013_S_R_17_roi.png,013,R,,
data\processed\bmpd_roi\013\013_S_R_18_roi.png,013,R,,
data\processed\bmpd_roi\013\013_S_R_19_roi.png,013,R,,
data\processed\bmpd_roi\013\013_S_L_20_roi.png,013,L,,
data\processed\bmpd_roi\013\013_S_L_21_roi.png,013,L,,
data\processed\bmpd_roi\013\013_S_L_22_roi.png,013,L,,
data\processed\bmpd_roi\013\013_S_L_23_roi.png,013,L,,
data\processed\bmpd_roi\013\013_S_L_24_roi.png,013,L,,
data\processed\bmpd_roi\013\013_S_L_25_roi.png,013,L,,
data\processed\bmpd_roi\013\013_S_L_26_roi.png,013,L,,
data\processed\bmpd_roi\013\013_S_L_27_roi.png,013,L,,
data\processed\bmpd_roi\013\013_S_L_28_roi.png,013,L,,
data\processed\bmpd_roi\013\013_S_L_29_roi.png,013,L,,
data\processed\bmpd_roi\013\013_F_L_30_roi.png,013,L,,
data\processed\bmpd_roi\013\013_F_L_31_roi.png,013,L,,
data\processed\bmpd_roi\013\013_F_L_32_roi.png,013,L,,
data\processed\bmpd_roi\013\013_F_L_33_roi.png,013,L,,
data\processed\bmpd_roi\013\013_F_L_34_roi.png,013,L,,
data\processed\bmpd_roi\013\013_F_L_35_roi.png,013,L,,
data\processed\bmpd_roi\013\013_F_L_36_roi.png,013,L,,
data\processed\bmpd_roi\013\013_F_L_37_roi.png,013,L,,
data\processed\bmpd_roi\013\013_F_L_38_roi.png,013,L,,
data\processed\bmpd_roi\013\013_F_L_39_roi.png,013,L,,
data\processed\bmpd_roi\014\014_F_R_0_roi.png,014,R,,
data\processed\bmpd_roi\014\014_F_R_1_roi.png,014,R,,
data\processed\bmpd_roi\014\014_F_R_2_roi.png,014,R,,
data\processed\bmpd_roi\014\014_F_R_3_roi.png,014,R,,
data\processed\bmpd_roi\014\014_F_R_4_roi.png,014,R,,
data\processed\bmpd_roi\014\014_F_R_5_roi.png,014,R,,
data\processed\bmpd_roi\014\014_F_R_6_roi.png,014,R,,
data\processed\bmpd_roi\014\014_F_R_7_roi.png,014,R,,
data\processed\bmpd_roi\014\014_F_R_8_roi.png,014,R,,
data\processed\bmpd_roi\014\014_F_R_9_roi.png,014,R,,
data\processed\bmpd_roi\014\014_S_R_10_roi.png,014,R,,
data\processed\bmpd_roi\014\014_S_R_11_roi.png,014,R,,
data\processed\bmpd_roi\014\014_S_R_12_roi.png,014,R,,
data\processed\bmpd_roi\014\014_S_R_13_roi.png,014,R,,
data\processed\bmpd_roi\014\014_S_R_14_roi.png,014,R,,
data\processed\bmpd_roi\014\014_S_R_15_roi.png,014,R,,
data\processed\bmpd_roi\014\014_S_R_16_roi.png,014,R,,
data\processed\bmpd_roi\014\014_S_R_17_roi.png,014,R,,
data\processed\bmpd_roi\014\014_S_R_18_roi.png,014,R,,
data\processed\bmpd_roi\014\014_S_R_19_roi.png,014,R,,
data\processed\bmpd_roi\014\014_S_L_20_roi.png,014,L,,
data\processed\bmpd_roi\014\014_S_L_21_roi.png,014,L,,
data\processed\bmpd_roi\014\014_S_L_22_roi.png,014,L,,
data\processed\bmpd_roi\014\014_S_L_23_roi.png,014,L,,
data\processed\bmpd_roi\014\014_S_L_24_roi.png,014,L,,
data\processed\bmpd_roi\014\014_S_L_25_roi.png,014,L,,
data\processed\bmpd_roi\014\014_S_L_26_roi.png,014,L,,
data\processed\bmpd_roi\014\014_S_L_27_roi.png,014,L,,
data\processed\bmpd_roi\014\014_S_L_28_roi.png,014,L,,
data\processed\bmpd_roi\014\014_S_L_29_roi.png,014,L,,
data\processed\bmpd_roi\014\014_F_L_30_roi.png,014,L,,
data\processed\bmpd_roi\014\014_F_L_31_roi.png,014,L,,
data\processed\bmpd_roi\014\014_F_L_32_roi.png,014,L,,
data\processed\bmpd_roi\014\014_F_L_33_roi.png,014,L,,
data\processed\bmpd_roi\014\014_F_L_34_roi.png,014,L,,
data\processed\bmpd_roi\014\014_F_L_35_roi.png,014,L,,
data\processed\bmpd_roi\014\014_F_L_36_roi.png,014,L,,
data\processed\bmpd_roi\014\014_F_L_37_roi.png,014,L,,
data\processed\bmpd_roi\014\014_F_L_38_roi.png,014,L,,
data\processed\bmpd_roi\014\014_F_L_39_roi.png,014,L,,
data\processed\bmpd_roi\015\015_F_R_0_roi.png,015,R,,
data\processed\bmpd_roi\015\015_F_R_1_roi.png,015,R,,
data\processed\bmpd_roi\015\015_F_R_2_roi.png,015,R,,
data\processed\bmpd_roi\015\015_F_R_3_roi.png,015,R,,
data\processed\bmpd_roi\015\015_F_R_4_roi.png,015,R,,
data\processed\bmpd_roi\015\015_F_R_5_roi.png,015,R,,
data\processed\bmpd_roi\015\015_F_R_6_roi.png,015,R,,
data\processed\bmpd_roi\015\015_F_R_7_roi.png,015,R,,
data\processed\bmpd_roi\015\015_F_R_8_roi.png,015,R,,
data\processed\bmpd_roi\015\015_F_R_9_roi.png,015,R,,
data\processed\bmpd_roi\015\015_S_R_10_roi.png,015,R,,
data\processed\bmpd_roi\015\015_S_R_11_roi.png,015,R,,
data\processed\bmpd_roi\015\015_S_R_12_roi.png,015,R,,
data\processed\bmpd_roi\015\015_S_R_13_roi.png,015,R,,
data\processed\bmpd_roi\015\015_S_R_14_roi.png,015,R,,
data\processed\bmpd_roi\015\015_S_R_15_roi.png,015,R,,
data\processed\bmpd_roi\015\015_S_R_16_roi.png,015,R,,
data\processed\bmpd_roi\015\015_S_R_17_roi.png,015,R,,
data\processed\bmpd_roi\015\015_S_R_18_roi.png,015,R,,
data\processed\bmpd_roi\015\015_S_R_19_roi.png,015,R,,
data\processed\bmpd_roi\015\015_S_L_20_roi.png,015,L,,
data\processed\bmpd_roi\015\015_S_L_21_roi.png,015,L,,
data\processed\bmpd_roi\015\015_S_L_22_roi.png,015,L,,
data\processed\bmpd_roi\015\015_S_L_23_roi.png,015,L,,
data\processed\bmpd_roi\015\015_S_L_24_roi.png,015,L,,
data\processed\bmpd_roi\015\015_S_L_25_roi.png,015,L,,
data\processed\bmpd_roi\015\015_S_L_26_roi.png,015,L,,
data\processed\bmpd_roi\015\015_S_L_27_roi.png,015,L,,
data\processed\bmpd_roi\015\015_S_L_28_roi.png,015,L,,
data\processed\bmpd_roi\015\015_S_L_29_roi.png,015,L,,
data\processed\bmpd_roi\015\015_F_L_30_roi.png,015,L,,
data\processed\bmpd_roi\015\015_F_L_31_roi.png,015,L,,
data\processed\bmpd_roi\015\015_F_L_32_roi.png,015,L,,
data\processed\bmpd_roi\015\015_F_L_33_roi.png,015,L,,
data\processed\bmpd_roi\015\015_F_L_34_roi.png,015,L,,
data\processed\bmpd_roi\015\015_F_L_35_roi.png,015,L,,
data\processed\bmpd_roi\015\015_F_L_36_roi.png,015,L,,
data\processed\bmpd_roi\015\015_F_L_37_roi.png,015,L,,
data\processed\bmpd_roi\015\015_F_L_38_roi.png,015,L,,
data\processed\bmpd_roi\015\015_F_L_39_roi.png,015,L,,
data\processed\bmpd_roi\016\016_F_R_0_roi.png,016,R,,
data\processed\bmpd_roi\016\016_F_R_1_roi.png,016,R,,
data\processed\bmpd_roi\016\016_F_R_2_roi.png,016,R,,
data\processed\bmpd_roi\016\016_F_R_3_roi.png,016,R,,
data\processed\bmpd_roi\016\016_F_R_4_roi.png,016,R,,
data\processed\bmpd_roi\016\016_F_R_5_roi.png,016,R,,
data\processed\bmpd_roi\016\016_F_R_6_roi.png,016,R,,
data\processed\bmpd_roi\016\016_F_R_7_roi.png,016,R,,
data\processed\bmpd_roi\016\016_F_R_8_roi.png,016,R,,
data\processed\bmpd_roi\016\016_F_R_9_roi.png,016,R,,
data\processed\bmpd_roi\016\016_S_R_10_roi.png,016,R,,
data\processed\bmpd_roi\016\016_S_R_11_roi.png,016,R,,
data\processed\bmpd_roi\016\016_S_R_12_roi.png,016,R,,
data\processed\bmpd_roi\016\016_S_R_13_roi.png,016,R,,
data\processed\bmpd_roi\016\016_S_R_14_roi.png,016,R,,
data\processed\bmpd_roi\016\016_S_R_15_roi.png,016,R,,
data\processed\bmpd_roi\016\016_S_R_16_roi.png,016,R,,
data\processed\bmpd_roi\016\016_S_R_17_roi.png,016,R,,
data\processed\bmpd_roi\016\016_S_R_18_roi.png,016,R,,
data\processed\bmpd_roi\016\016_S_R_19_roi.png,016,R,,
data\processed\bmpd_roi\016\016_S_L_20_roi.png,016,L,,
data\processed\bmpd_roi\016\016_S_L_21_roi.png,016,L,,
data\processed\bmpd_roi\016\016_S_L_22_roi.png,016,L,,
data\processed\bmpd_roi\016\016_S_L_23_roi.png,016,L,,
data\processed\bmpd_roi\016\016_S_L_24_roi.png,016,L,,
data\processed\bmpd_roi\016\016_S_L_25_roi.png,016,L,,
data\processed\bmpd_roi\016\016_S_L_26_roi.png,016,L,,
data\processed\bmpd_roi\016\016_S_L_27_roi.png,016,L,,
data\processed\bmpd_roi\016\016_S_L_28_roi.png,016,L,,
data\processed\bmpd_roi\016\016_S_L_29_roi.png,016,L,,
data\processed\bmpd_roi\016\016_F_L_30_roi.png,016,L,,
data\processed\bmpd_roi\016\016_F_L_31_roi.png,016,L,,
data\processed\bmpd_roi\016\016_F_L_32_roi.png,016,L,,
data\processed\bmpd_roi\016\016_F_L_33_roi.png,016,L,,
data\processed\bmpd_roi\016\016_F_L_34_roi.png,016,L,,
data\processed\bmpd_roi\016\016_F_L_35_roi.png,016,L,,
data\processed\bmpd_roi\016\016_F_L_36_roi.png,016,L,,
data\processed\bmpd_roi\016\016_F_L_37_roi.png,016,L,,
data\processed\bmpd_roi\016\016_F_L_38_roi.png,016,L,,
data\processed\bmpd_roi\016\016_F_L_39_roi.png,016,L,,
data\processed\bmpd_roi\017\017_F_R_0_roi.png,017,R,,
data\processed\bmpd_roi\017\017_F_R_1_roi.png,017,R,,
data\processed\bmpd_roi\017\017_F_R_2_roi.png,017,R,,
data\processed\bmpd_roi\017\017_F_R_3_roi.png,017,R,,
data\processed\bmpd_roi\017\017_F_R_4_roi.png,017,R,,
data\processed\bmpd_roi\017\017_F_R_5_roi.png,017,R,,
data\processed\bmpd_roi\017\017_F_R_6_roi.png,017,R,,
data\processed\bmpd_roi\017\017_F_R_7_roi.png,017,R,,
data\processed\bmpd_roi\017\017_F_R_8_roi.png,017,R,,
data\processed\bmpd_roi\017\017_F_R_9_roi.png,017,R,,
data\processed\bmpd_roi\017\017_S_R_10_roi.png,017,R,,
data\processed\bmpd_roi\017\017_S_R_11_roi.png,017,R,,
data\processed\bmpd_roi\017\017_S_R_12_roi.png,017,R,,
data\processed\bmpd_roi\017\017_S_R_13_roi.png,017,R,,
data\processed\bmpd_roi\017\017_S_R_14_roi.png,017,R,,
data\processed\bmpd_roi\017\017_S_R_15_roi.png,017,R,,
data\processed\bmpd_roi\017\017_S_R_16_roi.png,017,R,,
data\processed\bmpd_roi\017\017_S_R_17_roi.png,017,R,,
data\processed\bmpd_roi\017\017_S_R_18_roi.png,017,R,,
data\processed\bmpd_roi\017\017_S_R_19_roi.png,017,R,,
data\processed\bmpd_roi\017\017_S_L_20_roi.png,017,L,,
data\processed\bmpd_roi\017\017_S_L_21_roi.png,017,L,,
data\processed\bmpd_roi\017\017_S_L_22_roi.png,017,L,,
data\processed\bmpd_roi\017\017_S_L_23_roi.png,017,L,,
data\processed\bmpd_roi\017\017_S_L_24_roi.png,017,L,,
data\processed\bmpd_roi\017\017_S_L_25_roi.png,017,L,,
data\processed\bmpd_roi\017\017_S_L_26_roi.png,017,L,,
data\processed\bmpd_roi\017\017_S_L_27_roi.png,017,L,,
data\processed\bmpd_roi\017\017_S_L_28_roi.png,017,L,,
data\processed\bmpd_roi\017\017_S_L_29_roi.png,017,L,,
data\processed\bmpd_roi\017\017_F_L_30_roi.png,017,L,,
data\processed\bmpd_roi\017\017_F_L_31_roi.png,017,L,,
data\processed\bmpd_roi\017\017_F_L_32_roi.png,017,L,,
data\processed\bmpd_roi\017\017_F_L_33_roi.png,017,L,,
data\processed\bmpd_roi\017\017_F_L_34_roi.png,017,L,,
data\processed\bmpd_roi\017\017_F_L_35_roi.png,017,L,,
data\processed\bmpd_roi\017\017_F_L_36_roi.png,017,L,,
data\processed\bmpd_roi\017\017_F_L_37_roi.png,017,L,,
data\processed\bmpd_roi\017\017_F_L_38_roi.png,017,L,,
data\processed\bmpd_roi\017\017_F_L_39_roi.png,017,L,,
data\processed\bmpd_roi\018\018_F_R_0_roi.png,018,R,,
data\processed\bmpd_roi\018\018_F_R_1_roi.png,018,R,,
data\processed\bmpd_roi\018\018_F_R_2_roi.png,018,R,,
data\processed\bmpd_roi\018\018_F_R_3_roi.png,018,R,,
data\processed\bmpd_roi\018\018_F_R_4_roi.png,018,R,,
data\processed\bmpd_roi\018\018_F_R_5_roi.png,018,R,,
data\processed\bmpd_roi\018\018_F_R_6_roi.png,018,R,,
data\processed\bmpd_roi\018\018_F_R_7_roi.png,018,R,,
data\processed\bmpd_roi\018\018_F_R_8_roi.png,018,R,,
data\processed\bmpd_roi\018\018_F_R_9_roi.png,018,R,,
data\processed\bmpd_roi\018\018_S_R_10_roi.png,018,R,,
data\processed\bmpd_roi\018\018_S_R_11_roi.png,018,R,,
data\processed\bmpd_roi\018\018_S_R_12_roi.png,018,R,,
data\processed\bmpd_roi\018\018_S_R_13_roi.png,018,R,,
data\processed\bmpd_roi\018\018_S_R_14_roi.png,018,R,,
data\processed\bmpd_roi\018\018_S_R_15_roi.png,018,R,,
data\processed\bmpd_roi\018\018_S_R_16_roi.png,018,R,,
data\processed\bmpd_roi\018\018_S_R_17_roi.png,018,R,,
data\processed\bmpd_roi\018\018_S_R_18_roi.png,018,R,,
data\processed\bmpd_roi\018\018_S_R_19_roi.png,018,R,,
data\processed\bmpd_roi\018\018_S_L_20_roi.png,018,L,,
data\processed\bmpd_roi\018\018_S_L_21_roi.png,018,L,,
data\processed\bmpd_roi\018\018_S_L_22_roi.png,018,L,,
data\processed\bmpd_roi\018\018_S_L_23_roi.png,018,L,,
data\processed\bmpd_roi\018\018_S_L_24_roi.png,018,L,,
data\processed\bmpd_roi\018\018_S_L_25_roi.png,018,L,,
data\processed\bmpd_roi\018\018_S_L_26_roi.png,018,L,,
data\processed\bmpd_roi\018\018_S_L_27_roi.png,018,L,,
data\processed\bmpd_roi\018\018_S_L_28_roi.png,018,L,,
data\processed\bmpd_roi\018\018_S_L_29_roi.png,018,L,,
data\processed\bmpd_roi\018\018_F_L_30_roi.png,018,L,,
data\processed\bmpd_roi\018\018_F_L_31_roi.png,018,L,,
data\processed\bmpd_roi\018\018_F_L_32_roi.png,018,L,,
data\processed\bmpd_roi\018\018_F_L_33_roi.png,018,L,,
data\processed\bmpd_roi\018\018_F_L_34_roi.png,018,L,,
data\processed\bmpd_roi\018\018_F_L_35_roi.png,018,L,,
data\processed\bmpd_roi\018\018_F_L_36_roi.png,018,L,,
data\processed\bmpd_roi\018\018_F_L_37_roi.png,018,L,,
data\processed\bmpd_roi\018\018_F_L_38_roi.png,018,L,,
data\processed\bmpd_roi\018\018_F_L_39_roi.png,018,L,,
data\processed\bmpd_roi\019\019_F_R_0_roi.png,019,R,,
data\processed\bmpd_roi\019\019_F_R_1_roi.png,019,R,,
data\processed\bmpd_roi\019\019_F_R_2_roi.png,019,R,,
data\processed\bmpd_roi\019\019_F_R_3_roi.png,019,R,,
data\processed\bmpd_roi\019\019_F_R_4_roi.png,019,R,,
data\processed\bmpd_roi\019\019_F_R_5_roi.png,019,R,,
data\processed\bmpd_roi\019\019_F_R_6_roi.png,019,R,,
data\processed\bmpd_roi\019\019_F_R_7_roi.png,019,R,,
data\processed\bmpd_roi\019\019_F_R_8_roi.png,019,R,,
data\processed\bmpd_roi\019\019_F_R_9_roi.png,019,R,,
data\processed\bmpd_roi\019\019_S_R_10_roi.png,019,R,,
data\processed\bmpd_roi\019\019_S_R_11_roi.png,019,R,,
data\processed\bmpd_roi\019\019_S_R_12_roi.png,019,R,,
data\processed\bmpd_roi\019\019_S_R_13_roi.png,019,R,,
data\processed\bmpd_roi\019\019_S_R_14_roi.png,019,R,,
data\processed\bmpd_roi\019\019_S_R_15_roi.png,019,R,,
data\processed\bmpd_roi\019\019_S_R_16_roi.png,019,R,,
data\processed\bmpd_roi\019\019_S_R_17_roi.png,019,R,,
data\processed\bmpd_roi\019\019_S_R_18_roi.png,019,R,,
data\processed\bmpd_roi\019\019_S_R_19_roi.png,019,R,,
data\processed\bmpd_roi\019\019_S_L_20_roi.png,019,L,,
data\processed\bmpd_roi\019\019_S_L_21_roi.png,019,L,,
data\processed\bmpd_roi\019\019_S_L_22_roi.png,019,L,,
data\processed\bmpd_roi\019\019_S_L_23_roi.png,019,L,,
data\processed\bmpd_roi\019\019_S_L_24_roi.png,019,L,,
data\processed\bmpd_roi\019\019_S_L_25_roi.png,019,L,,
data\processed\bmpd_roi\019\019_S_L_26_roi.png,019,L,,
data\processed\bmpd_roi\019\019_S_L_27_roi.png,019,L,,
data\processed\bmpd_roi\019\019_S_L_28_roi.png,019,L,,
data\processed\bmpd_roi\019\019_S_L_29_roi.png,019,L,,
data\processed\bmpd_roi\019\019_F_L_30_roi.png,019,L,,
data\processed\bmpd_roi\019\019_F_L_31_roi.png,019,L,,
data\processed\bmpd_roi\019\019_F_L_32_roi.png,019,L,,
data\processed\bmpd_roi\019\019_F_L_33_roi.png,019,L,,
data\processed\bmpd_roi\019\019_F_L_34_roi.png,019,L,,
data\processed\bmpd_roi\019\019_F_L_35_roi.png,019,L,,
data\processed\bmpd_roi\019\019_F_L_36_roi.png,019,L,,
data\processed\bmpd_roi\019\019_F_L_37_roi.png,019,L,,
data\processed\bmpd_roi\019\019_F_L_38_roi.png,019,L,,
data\processed\bmpd_roi\019\019_F_L_39_roi.png,019,L,,
data\processed\bmpd_roi\020\020_F_R_0_roi.png,020,R,b,crop
data\processed\bmpd_roi\020\020_F_R_1_roi.png,020,R,b,crop
data\processed\bmpd_roi\020\020_F_R_2_roi.png,020,R,b,crop
data\processed\bmpd_roi\020\020_F_R_3_roi.png,020,R,b,crop
data\processed\bmpd_roi\020\020_F_R_4_roi.png,020,R,b,crop
data\processed\bmpd_roi\020\020_F_R_5_roi.png,020,R,,
data\processed\bmpd_roi\020\020_F_R_6_roi.png,020,R,,
data\processed\bmpd_roi\020\020_F_R_7_roi.png,020,R,,
data\processed\bmpd_roi\020\020_F_R_8_roi.png,020,R,,
data\processed\bmpd_roi\020\020_F_R_9_roi.png,020,R,,
data\processed\bmpd_roi\020\020_S_R_10_roi.png,020,R,,
data\processed\bmpd_roi\020\020_S_R_11_roi.png,020,R,,
data\processed\bmpd_roi\020\020_S_R_12_roi.png,020,R,,
data\processed\bmpd_roi\020\020_S_R_13_roi.png,020,R,,
data\processed\bmpd_roi\020\020_S_R_14_roi.png,020,R,,
data\processed\bmpd_roi\020\020_S_R_15_roi.png,020,R,,
data\processed\bmpd_roi\020\020_S_R_16_roi.png,020,R,,
data\processed\bmpd_roi\020\020_S_R_17_roi.png,020,R,,
data\processed\bmpd_roi\020\020_S_R_18_roi.png,020,R,,
data\processed\bmpd_roi\020\020_S_R_19_roi.png,020,R,,
data\processed\bmpd_roi\020\020_S_L_20_roi.png,020,L,,
data\processed\bmpd_roi\020\020_S_L_21_roi.png,020,L,,
data\processed\bmpd_roi\020\020_S_L_22_roi.png,020,L,,
data\processed\bmpd_roi\020\020_S_L_23_roi.png,020,L,,
data\processed\bmpd_roi\020\020_S_L_24_roi.png,020,L,,
data\processed\bmpd_roi\020\020_S_L_25_roi.png,020,L,,
data\processed\bmpd_roi\020\020_S_L_26_roi.png,020,L,,
data\processed\bmpd_roi\020\020_S_L_27_roi.png,020,L,,
data\processed\bmpd_roi\020\020_S_L_28_roi.png,020,L,,
data\processed\bmpd_roi\020\020_S_L_29_roi.png,020,L,,
data\processed\bmpd_roi\020\020_F_L_30_roi.png,020,L,,
data\processed\bmpd_roi\020\020_F_L_31_roi.png,020,L,,
data\processed\bmpd_roi\020\020_F_L_32_roi.png,020,L,,
data\processed\bmpd_roi\020\020_F_L_33_roi.png,020,L,,
data\processed\bmpd_roi\020\020_F_L_34_roi.png,020,L,,
data\processed\bmpd_roi\020\020_F_L_35_roi.png,020,L,,
data\processed\bmpd_roi\020\020_F_L_36_roi.png,020,L,,
data\processed\bmpd_roi\020\020_F_L_37_roi.png,020,L,,
data\processed\bmpd_roi\020\020_F_L_38_roi.png,020,L,,
data\processed\bmpd_roi\020\020_F_L_39_roi.png,020,L,,
data\processed\bmpd_roi\021\021_F_R_0_roi.png,021,R,,
data\processed\bmpd_roi\021\021_F_R_1_roi.png,021,R,,
data\processed\bmpd_roi\021\021_F_R_2_roi.png,021,R,,
data\processed\bmpd_roi\021\021_F_R_3_roi.png,021,R,,
data\processed\bmpd_roi\021\021_F_R_4_roi.png,021,R,,
data\processed\bmpd_roi\021\021_F_R_5_roi.png,021,R,,
data\processed\bmpd_roi\021\021_F_R_6_roi.png,021,R,,
data\processed\bmpd_roi\021\021_F_R_7_roi.png,021,R,,
data\processed\bmpd_roi\021\021_F_R_8_roi.png,021,R,,
data\processed\bmpd_roi\021\021_F_R_9_roi.png,021,R,,
data\processed\bmpd_roi\021\021_S_R_10_roi.png,021,R,,
data\processed\bmpd_roi\021\021_S_R_11_roi.png,021,R,,
data\processed\bmpd_roi\022\022_F_R_0_roi.png,022,R,,
data\processed\bmpd_roi\022\022_F_R_1_roi.png,022,R,,
data\processed\bmpd_roi\022\022_F_R_2_roi.png,022,R,,
data\processed\bmpd_roi\022\022_F_R_3_roi.png,022,R,,
data\processed\bmpd_roi\022\022_F_R_4_roi.png,022,R,,
data\processed\bmpd_roi\022\022_F_R_5_roi.png,022,R,,
data\processed\bmpd_roi\022\022_F_R_6_roi.png,022,R,,
data\processed\bmpd_roi\022\022_F_R_7_roi.png,022,R,,
data\processed\bmpd_roi\022\022_F_R_8_roi.png,022,R,,
data\processed\bmpd_roi\022\022_F_R_9_roi.png,022,R,,
data\processed\bmpd_roi\022\022_S_R_10_roi.png,022,R,,
data\processed\bmpd_roi\022\022_S_R_11_roi.png,022,R,,
data\processed\bmpd_roi\022\022_S_R_12_roi.png,022,R,,
data\processed\bmpd_roi\022\022_S_R_13_roi.png,022,R,,
data\processed\bmpd_roi\022\022_S_R_14_roi.png,022,R,,
data\processed\bmpd_roi\022\022_S_R_15_roi.png,022,R,,
data\processed\bmpd_roi\022\022_S_R_16_roi.png,022,R,,
data\processed\bmpd_roi\022\022_S_R_17_roi.png,022,R,,
data\processed\bmpd_roi\022\022_S_R_18_roi.png,022,R,,
data\processed\bmpd_roi\022\022_S_R_19_roi.png,022,R,,
data\processed\bmpd_roi\022\022_S_L_20_roi.png,022,L,,
data\processed\bmpd_roi\022\022_S_L_21_roi.png,022,L,,
data\processed\bmpd_roi\022\022_S_L_22_roi.png,022,L,,
data\processed\bmpd_roi\022\022_S_L_23_roi.png,022,L,,
data\processed\bmpd_roi\022\022_S_L_24_roi.png,022,L,,
data\processed\bmpd_roi\022\022_S_L_25_roi.png,022,L,,
data\processed\bmpd_roi\022\022_S_L_26_roi.png,022,L,,
data\processed\bmpd_roi\022\022_S_L_27_roi.png,022,L,,
data\processed\bmpd_roi\022\022_S_L_28_roi.png,022,L,,
data\processed\bmpd_roi\022\022_S_L_29_roi.png,022,L,,
data\processed\bmpd_roi\022\022_F_L_30_roi.png,022,L,,
data\processed\bmpd_roi\022\022_F_L_31_roi.png,022,L,,
data\processed\bmpd_roi\022\022_F_L_32_roi.png,022,L,,
data\processed\bmpd_roi\022\022_F_L_33_roi.png,022,L,,
data\processed\bmpd_roi\022\022_F_L_34_roi.png,022,L,,
data\processed\bmpd_roi\022\022_F_L_35_roi.png,022,L,,
data\processed\bmpd_roi\022\022_F_L_36_roi.png,022,L,,
data\processed\bmpd_roi\022\022_F_L_37_roi.png,022,L,,
data\processed\bmpd_roi\022\022_F_L_38_roi.png,022,L,,
data\processed\bmpd_roi\022\022_F_L_39_roi.png,022,L,,
data\processed\bmpd_roi\023\023_F_R_0_roi.png,023,R,,
data\processed\bmpd_roi\023\023_F_R_1_roi.png,023,R,,
data\processed\bmpd_roi\023\023_F_R_2_roi.png,023,R,,
data\processed\bmpd_roi\023\023_F_R_3_roi.png,023,R,,
data\processed\bmpd_roi\023\023_F_R_4_roi.png,023,R,,
data\processed\bmpd_roi\023\023_F_R_5_roi.png,023,R,,
data\processed\bmpd_roi\023\023_F_R_6_roi.png,023,R,,
data\processed\bmpd_roi\023\023_F_R_7_roi.png,023,R,,
data\processed\bmpd_roi\023\023_F_R_8_roi.png,023,R,,
data\processed\bmpd_roi\023\023_F_R_9_roi.png,023,R,,
data\processed\bmpd_roi\023\023_S_R_10_roi.png,023,R,,
data\processed\bmpd_roi\023\023_S_R_11_roi.png,023,R,,
data\processed\bmpd_roi\023\023_S_R_12_roi.png,023,R,,
data\processed\bmpd_roi\023\023_S_R_13_roi.png,023,R,,
data\processed\bmpd_roi\023\023_S_R_14_roi.png,023,R,,
data\processed\bmpd_roi\023\023_S_R_15_roi.png,023,R,,
data\processed\bmpd_roi\023\023_S_R_16_roi.png,023,R,,
data\processed\bmpd_roi\023\023_S_R_17_roi.png,023,R,,
data\processed\bmpd_roi\023\023_S_R_18_roi.png,023,R,,
data\processed\bmpd_roi\023\023_S_R_19_roi.png,023,R,,
data\processed\bmpd_roi\023\023_S_L_20_roi.png,023,L,,
data\processed\bmpd_roi\023\023_S_L_21_roi.png,023,L,,
data\processed\bmpd_roi\023\023_S_L_22_roi.png,023,L,,
data\processed\bmpd_roi\023\023_S_L_23_roi.png,023,L,,
data\processed\bmpd_roi\023\023_S_L_24_roi.png,023,L,,
data\processed\bmpd_roi\023\023_S_L_25_roi.png,023,L,,
data\processed\bmpd_roi\023\023_S_L_26_roi.png,023,L,,
data\processed\bmpd_roi\023\023_S_L_27_roi.png,023,L,,
data\processed\bmpd_roi\023\023_S_L_28_roi.png,023,L,,
data\processed\bmpd_roi\023\023_S_L_29_roi.png,023,L,,
data\processed\bmpd_roi\023\023_F_L_30_roi.png,023,L,,
data\processed\bmpd_roi\023\023_F_L_31_roi.png,023,L,,
data\processed\bmpd_roi\023\023_F_L_32_roi.png,023,L,,
data\processed\bmpd_roi\023\023_F_L_33_roi.png,023,L,,
data\processed\bmpd_roi\023\023_F_L_34_roi.png,023,L,,
data\processed\bmpd_roi\023\023_F_L_35_roi.png,023,L,,
data\processed\bmpd_roi\023\023_F_L_36_roi.png,023,L,,
data\processed\bmpd_roi\023\023_F_L_37_roi.png,023,L,,
data\processed\bmpd_roi\023\023_F_L_38_roi.png,023,L,,
data\processed\bmpd_roi\023\023_F_L_39_roi.png,023,L,,
data\processed\bmpd_roi\024\024_F_R_0_roi.png,024,R,,
data\processed\bmpd_roi\024\024_F_R_1_roi.png,024,R,,
data\processed\bmpd_roi\024\024_F_R_2_roi.png,024,R,,
data\processed\bmpd_roi\024\024_F_R_3_roi.png,024,R,,
data\processed\bmpd_roi\024\024_F_R_4_roi.png,024,R,,
data\processed\bmpd_roi\024\024_F_R_5_roi.png,024,R,,
data\processed\bmpd_roi\024\024_F_R_6_roi.png,024,R,,
data\processed\bmpd_roi\024\024_F_R_7_roi.png,024,R,,
data\processed\bmpd_roi\024\024_F_R_8_roi.png,024,R,,
data\processed\bmpd_roi\024\024_F_R_9_roi.png,024,R,,
data\processed\bmpd_roi\024\024_S_R_10_roi.png,024,R,,
data\processed\bmpd_roi\024\024_S_R_11_roi.png,024,R,,
data\processed\bmpd_roi\024\024_S_R_12_roi.png,024,R,,
data\processed\bmpd_roi\024\024_S_R_13_roi.png,024,R,,
data\processed\bmpd_roi\024\024_S_R_14_roi.png,024,R,,
data\processed\bmpd_roi\024\024_S_R_15_roi.png,024,R,,
data\processed\bmpd_roi\024\024_S_R_16_roi.png,024,R,,
data\processed\bmpd_roi\024\024_S_R_17_roi.png,024,R,,
data\processed\bmpd_roi\024\024_S_R_18_roi.png,024,R,,
data\processed\bmpd_roi\024\024_S_R_19_roi.png,024,R,,
data\processed\bmpd_roi\024\024_S_L_20_roi.png,024,L,,
data\processed\bmpd_roi\024\024_S_L_21_roi.png,024,L,,
data\processed\bmpd_roi\024\024_S_L_22_roi.png,024,L,,
data\processed\bmpd_roi\024\024_S_L_23_roi.png,024,L,,
data\processed\bmpd_roi\024\024_S_L_24_roi.png,024,L,,
data\processed\bmpd_roi\024\024_S_L_25_roi.png,024,L,,
data\processed\bmpd_roi\024\024_S_L_26_roi.png,024,L,,
data\processed\bmpd_roi\024\024_S_L_27_roi.png,024,L,,
data\processed\bmpd_roi\024\024_S_L_28_roi.png,024,L,,
data\processed\bmpd_roi\024\024_S_L_29_roi.png,024,L,,
data\processed\bmpd_roi\024\024_F_L_30_roi.png,024,L,,
data\processed\bmpd_roi\024\024_F_L_31_roi.png,024,L,,
data\processed\bmpd_roi\024\024_F_L_32_roi.png,024,L,,
data\processed\bmpd_roi\024\024_F_L_33_roi.png,024,L,,
data\processed\bmpd_roi\024\024_F_L_34_roi.png,024,L,,
data\processed\bmpd_roi\024\024_F_L_35_roi.png,024,L,,
data\processed\bmpd_roi\024\024_F_L_36_roi.png,024,L,,
data\processed\bmpd_roi\024\024_F_L_37_roi.png,024,L,,
data\processed\bmpd_roi\024\024_F_L_38_roi.png,024,L,,
data\processed\bmpd_roi\024\024_F_L_39_roi.png,024,L,,
data\processed\bmpd_roi\025\025_F_R_0_roi.png,025,R,,
data\processed\bmpd_roi\025\025_F_R_1_roi.png,025,R,,
data\processed\bmpd_roi\025\025_F_R_2_roi.png,025,R,,
data\processed\bmpd_roi\025\025_F_R_3_roi.png,025,R,,
data\processed\bmpd_roi\025\025_F_R_4_roi.png,025,R,,
data\processed\bmpd_roi\025\025_F_R_5_roi.png,025,R,,
data\processed\bmpd_roi\025\025_F_R_6_roi.png,025,R,,
data\processed\bmpd_roi\025\025_F_R_7_roi.png,025,R,,
data\processed\bmpd_roi\025\025_F_R_8_roi.png,025,R,,
data\processed\bmpd_roi\025\025_F_R_9_roi.png,025,R,,
data\processed\bmpd_roi\025\025_S_R_10_roi.png,025,R,,
data\processed\bmpd_roi\025\025_S_R_11_roi.png,025,R,,
data\processed\bmpd_roi\025\025_S_R_12_roi.png,025,R,,
data\processed\bmpd_roi\025\025_S_R_13_roi.png,025,R,,
data\processed\bmpd_roi\025\025_S_R_14_roi.png,025,R,,
data\processed\bmpd_roi\025\025_S_R_15_roi.png,025,R,,
data\processed\bmpd_roi\025\025_S_R_16_roi.png,025,R,,
data\processed\bmpd_roi\025\025_S_R_17_roi.png,025,R,,
data\processed\bmpd_roi\025\025_S_R_18_roi.png,025,R,,
data\processed\bmpd_roi\025\025_S_R_19_roi.png,025,R,,
data\processed\bmpd_roi\025\025_S_L_20_roi.png,025,L,,
data\processed\bmpd_roi\025\025_S_L_21_roi.png,025,L,,
data\processed\bmpd_roi\025\025_S_L_22_roi.png,025,L,,
data\processed\bmpd_roi\025\025_S_L_23_roi.png,025,L,,
data\processed\bmpd_roi\025\025_S_L_24_roi.png,025,L,,
data\processed\bmpd_roi\025\025_S_L_25_roi.png,025,L,,
data\processed\bmpd_roi\025\025_S_L_26_roi.png,025,L,,
data\processed\bmpd_roi\025\025_S_L_27_roi.png,025,L,,
data\processed\bmpd_roi\025\025_S_L_28_roi.png,025,L,,
data\processed\bmpd_roi\025\025_S_L_29_roi.png,025,L,,
data\processed\bmpd_roi\025\025_F_L_30_roi.png,025,L,,
data\processed\bmpd_roi\025\025_F_L_31_roi.png,025,L,,
data\processed\bmpd_roi\025\025_F_L_32_roi.png,025,L,,
data\processed\bmpd_roi\025\025_F_L_33_roi.png,025,L,,
data\processed\bmpd_roi\025\025_F_L_34_roi.png,025,L,,
data\processed\bmpd_roi\025\025_F_L_35_roi.png,025,L,,
data\processed\bmpd_roi\025\025_F_L_36_roi.png,025,L,,
data\processed\bmpd_roi\025\025_F_L_37_roi.png,025,L,,
data\processed\bmpd_roi\025\025_F_L_38_roi.png,025,L,,
data\processed\bmpd_roi\025\025_F_L_39_roi.png,025,L,,
data\processed\bmpd_roi\026\026_F_R_0_roi.png,026,R,,
data\processed\bmpd_roi\026\026_F_R_1_roi.png,026,R,,
data\processed\bmpd_roi\026\026_F_R_2_roi.png,026,R,,
data\processed\bmpd_roi\026\026_F_R_3_roi.png,026,R,,
data\processed\bmpd_roi\026\026_F_R_4_roi.png,026,R,,
data\processed\bmpd_roi\026\026_F_R_5_roi.png,026,R,,
data\processed\bmpd_roi\026\026_F_R_6_roi.png,026,R,,
data\processed\bmpd_roi\026\026_F_R_7_roi.png,026,R,,
data\processed\bmpd_roi\026\026_F_R_8_roi.png,026,R,,
data\processed\bmpd_roi\026\026_F_R_9_roi.png,026,R,,
data\processed\bmpd_roi\026\026_S_R_10_roi.png,026,R,,
data\processed\bmpd_roi\026\026_S_R_11_roi.png,026,R,,
data\processed\bmpd_roi\026\026_S_R_12_roi.png,026,R,,
data\processed\bmpd_roi\026\026_S_R_13_roi.png,026,R,,
data\processed\bmpd_roi\026\026_S_R_14_roi.png,026,R,,
data\processed\bmpd_roi\026\026_S_R_15_roi.png,026,R,,
data\processed\bmpd_roi\026\026_S_R_16_roi.png,026,R,,
data\processed\bmpd_roi\026\026_S_R_17_roi.png,026,R,,
data\processed\bmpd_roi\026\026_S_R_18_roi.png,026,R,,
data\processed\bmpd_roi\026\026_S_R_19_roi.png,026,R,,
data\processed\bmpd_roi\026\026_S_L_20_roi.png,026,L,,
data\processed\bmpd_roi\026\026_S_L_21_roi.png,026,L,,
data\processed\bmpd_roi\026\026_S_L_22_roi.png,026,L,,
data\processed\bmpd_roi\026\026_S_L_23_roi.png,026,L,,
data\processed\bmpd_roi\026\026_S_L_24_roi.png,026,L,,
data\processed\bmpd_roi\026\026_S_L_25_roi.png,026,L,,
data\processed\bmpd_roi\026\026_S_L_26_roi.png,026,L,,
data\processed\bmpd_roi\026\026_S_L_27_roi.png,026,L,,
data\processed\bmpd_roi\026\026_S_L_28_roi.png,026,L,,
data\processed\bmpd_roi\026\026_S_L_29_roi.png,026,L,,
data\processed\bmpd_roi\026\026_F_L_30_roi.png,026,L,,
data\processed\bmpd_roi\026\026_F_L_31_roi.png,026,L,,
data\processed\bmpd_roi\026\026_F_L_32_roi.png,026,L,,
data\processed\bmpd_roi\026\026_F_L_33_roi.png,026,L,,
data\processed\bmpd_roi\026\026_F_L_34_roi.png,026,L,,
data\processed\bmpd_roi\026\026_F_L_35_roi.png,026,L,,
data\processed\bmpd_roi\026\026_F_L_36_roi.png,026,L,,
data\processed\bmpd_roi\026\026_F_L_37_roi.png,026,L,,
data\processed\bmpd_roi\026\026_F_L_38_roi.png,026,L,,
data\processed\bmpd_roi\026\026_F_L_39_roi.png,026,L,,
data\processed\bmpd_roi\027\027_F_R_0_roi.png,027,R,,
data\processed\bmpd_roi\027\027_F_R_1_roi.png,027,R,,
data\processed\bmpd_roi\027\027_F_R_2_roi.png,027,R,,
data\processed\bmpd_roi\027\027_F_R_3_roi.png,027,R,,
data\processed\bmpd_roi\027\027_F_R_4_roi.png,027,R,,
data\processed\bmpd_roi\027\027_F_R_5_roi.png,027,R,,
data\processed\bmpd_roi\027\027_F_R_6_roi.png,027,R,,
data\processed\bmpd_roi\027\027_F_R_7_roi.png,027,R,,
data\processed\bmpd_roi\027\027_F_R_8_roi.png,027,R,,
data\processed\bmpd_roi\027\027_F_R_9_roi.png,027,R,,
data\processed\bmpd_roi\027\027_S_R_10_roi.png,027,R,,
data\processed\bmpd_roi\027\027_S_R_11_roi.png,027,R,,
data\processed\bmpd_roi\027\027_S_R_12_roi.png,027,R,,
data\processed\bmpd_roi\027\027_S_R_13_roi.png,027,R,,
data\processed\bmpd_roi\027\027_S_R_14_roi.png,027,R,,
data\processed\bmpd_roi\027\027_S_R_15_roi.png,027,R,,
data\processed\bmpd_roi\027\027_S_R_16_roi.png,027,R,,
data\processed\bmpd_roi\027\027_S_R_17_roi.png,027,R,,
data\processed\bmpd_roi\027\027_S_R_18_roi.png,027,R,,
data\processed\bmpd_roi\027\027_S_R_19_roi.png,027,R,,
data\processed\bmpd_roi\027\027_S_L_20_roi.png,027,L,,
data\processed\bmpd_roi\027\027_S_L_21_roi.png,027,L,,
data\processed\bmpd_roi\027\027_S_L_22_roi.png,027,L,,
data\processed\bmpd_roi\027\027_S_L_23_roi.png,027,L,,
data\processed\bmpd_roi\027\027_S_L_24_roi.png,027,L,,
data\processed\bmpd_roi\027\027_S_L_25_roi.png,027,L,,
data\processed\bmpd_roi\027\027_S_L_26_roi.png,027,L,,
data\processed\bmpd_roi\027\027_S_L_27_roi.png,027,L,,
data\processed\bmpd_roi\027\027_S_L_28_roi.png,027,L,,
data\processed\bmpd_roi\027\027_S_L_29_roi.png,027,L,,
data\processed\bmpd_roi\027\027_F_L_30_roi.png,027,L,,
data\processed\bmpd_roi\027\027_F_L_31_roi.png,027,L,,
data\processed\bmpd_roi\027\027_F_L_32_roi.png,027,L,,
data\processed\bmpd_roi\027\027_F_L_33_roi.png,027,L,,
data\processed\bmpd_roi\027\027_F_L_34_roi.png,027,L,,
data\processed\bmpd_roi\027\027_F_L_35_roi.png,027,L,,
data\processed\bmpd_roi\027\027_F_L_36_roi.png,027,L,,
data\processed\bmpd_roi\027\027_F_L_37_roi.png,027,L,,
data\processed\bmpd_roi\027\027_F_L_38_roi.png,027,L,,
data\processed\bmpd_roi\027\027_F_L_39_roi.png,027,L,,
data\processed\bmpd_roi\028\028_F_R_0_roi.png,028,R,,
data\processed\bmpd_roi\028\028_F_R_1_roi.png,028,R,,
data\processed\bmpd_roi\028\028_F_R_2_roi.png,028,R,,
data\processed\bmpd_roi\028\028_F_R_3_roi.png,028,R,,
data\processed\bmpd_roi\028\028_F_R_4_roi.png,028,R,,
data\processed\bmpd_roi\028\028_F_R_5_roi.png,028,R,,
data\processed\bmpd_roi\028\028_F_R_6_roi.png,028,R,,
data\processed\bmpd_roi\028\028_F_R_7_roi.png,028,R,,
data\processed\bmpd_roi\028\028_F_R_8_roi.png,028,R,,
data\processed\bmpd_roi\028\028_F_R_9_roi.png,028,R,,
data\processed\bmpd_roi\028\028_S_R_10_roi.png,028,R,,
data\processed\bmpd_roi\028\028_S_R_11_roi.png,028,R,,
data\processed\bmpd_roi\028\028_S_R_12_roi.png,028,R,,
data\processed\bmpd_roi\028\028_S_R_13_roi.png,028,R,,
data\processed\bmpd_roi\028\028_S_R_14_roi.png,028,R,,
data\processed\bmpd_roi\028\028_S_R_15_roi.png,028,R,,
data\processed\bmpd_roi\028\028_S_R_16_roi.png,028,R,,
data\processed\bmpd_roi\028\028_S_R_17_roi.png,028,R,,
data\processed\bmpd_roi\028\028_S_R_18_roi.png,028,R,,
data\processed\bmpd_roi\028\028_S_R_19_roi.png,028,R,,
data\processed\bmpd_roi\028\028_S_L_20_roi.png,028,L,,
data\processed\bmpd_roi\028\028_S_L_21_roi.png,028,L,,
data\processed\bmpd_roi\028\028_S_L_22_roi.png,028,L,,
data\processed\bmpd_roi\028\028_S_L_23_roi.png,028,L,,
data\processed\bmpd_roi\028\028_S_L_24_roi.png,028,L,,
data\processed\bmpd_roi\028\028_S_L_25_roi.png,028,L,,
data\processed\bmpd_roi\028\028_S_L_26_roi.png,028,L,,
data\processed\bmpd_roi\028\028_S_L_27_roi.png,028,L,,
data\processed\bmpd_roi\028\028_S_L_28_roi.png,028,L,,
data\processed\bmpd_roi\028\028_S_L_29_roi.png,028,L,,
data\processed\bmpd_roi\028\028_F_L_30_roi.png,028,L,,
data\processed\bmpd_roi\028\028_F_L_31_roi.png,028,L,,
data\processed\bmpd_roi\028\028_F_L_32_roi.png,028,L,,
data\processed\bmpd_roi\028\028_F_L_33_roi.png,028,L,,
data\processed\bmpd_roi\028\028_F_L_34_roi.png,028,L,,
data\processed\bmpd_roi\028\028_F_L_35_roi.png,028,L,,
data\processed\bmpd_roi\028\028_F_L_36_roi.png,028,L,,
data\processed\bmpd_roi\028\028_F_L_37_roi.png,028,L,,
data\processed\bmpd_roi\028\028_F_L_38_roi.png,028,L,,
data\processed\bmpd_roi\028\028_F_L_39_roi.png,028,L,,
data\processed\bmpd_roi\029\029_F_R_0_roi.png,029,R,,
data\processed\bmpd_roi\029\029_F_R_1_roi.png,029,R,,
data\processed\bmpd_roi\029\029_F_R_2_roi.png,029,R,,
data\processed\bmpd_roi\029\029_F_R_3_roi.png,029,R,,
data\processed\bmpd_roi\029\029_F_R_4_roi.png,029,R,,
data\processed\bmpd_roi\029\029_F_R_5_roi.png,029,R,,
data\processed\bmpd_roi\029\029_F_R_6_roi.png,029,R,,
data\processed\bmpd_roi\029\029_F_R_7_roi.png,029,R,,
data\processed\bmpd_roi\029\029_F_R_8_roi.png,029,R,,
data\processed\bmpd_roi\029\029_F_R_9_roi.png,029,R,,
data\processed\bmpd_roi\029\029_S_R_10_roi.png,029,R,,
data\processed\bmpd_roi\029\029_S_R_11_roi.png,029,R,,
data\processed\bmpd_roi\029\029_S_R_12_roi.png,029,R,,
data\processed\bmpd_roi\029\029_S_R_13_roi.png,029,R,,
data\processed\bmpd_roi\029\029_S_R_14_roi.png,029,R,,
data\processed\bmpd_roi\029\029_S_R_15_roi.png,029,R,,
data\processed\bmpd_roi\029\029_S_R_16_roi.png,029,R,,
data\processed\bmpd_roi\029\029_S_R_17_roi.png,029,R,,
data\processed\bmpd_roi\029\029_S_R_18_roi.png,029,R,,
data\processed\bmpd_roi\029\029_S_R_19_roi.png,029,R,,
data\processed\bmpd_roi\029\029_S_L_20_roi.png,029,L,,
data\processed\bmpd_roi\029\029_S_L_21_roi.png,029,L,,
data\processed\bmpd_roi\029\029_S_L_22_roi.png,029,L,,
data\processed\bmpd_roi\029\029_S_L_23_roi.png,029,L,,
data\processed\bmpd_roi\029\029_S_L_24_roi.png,029,L,,
data\processed\bmpd_roi\029\029_S_L_25_roi.png,029,L,,
data\processed\bmpd_roi\029\029_S_L_26_roi.png,029,L,,
data\processed\bmpd_roi\029\029_S_L_27_roi.png,029,L,,
data\processed\bmpd_roi\029\029_S_L_28_roi.png,029,L,,
data\processed\bmpd_roi\029\029_S_L_29_roi.png,029,L,,
data\processed\bmpd_roi\029\029_F_L_30_roi.png,029,L,,
data\processed\bmpd_roi\029\029_F_L_31_roi.png,029,L,,
data\processed\bmpd_roi\029\029_F_L_32_roi.png,029,L,,
data\processed\bmpd_roi\029\029_F_L_33_roi.png,029,L,,
data\processed\bmpd_roi\029\029_F_L_34_roi.png,029,L,,
data\processed\bmpd_roi\029\029_F_L_35_roi.png,029,L,,
data\processed\bmpd_roi\029\029_F_L_36_roi.png,029,L,,
data\processed\bmpd_roi\029\029_F_L_37_roi.png,029,L,,
data\processed\bmpd_roi\029\029_F_L_38_roi.png,029,L,,
data\processed\bmpd_roi\029\029_F_L_39_roi.png,029,L,,
data\processed\bmpd_roi\030\030_F_R_0_roi.png,030,R,,
data\processed\bmpd_roi\030\030_F_R_1_roi.png,030,R,,
data\processed\bmpd_roi\030\030_F_R_2_roi.png,030,R,,
data\processed\bmpd_roi\030\030_F_R_3_roi.png,030,R,,
data\processed\bmpd_roi\030\030_F_R_4_roi.png,030,R,,
data\processed\bmpd_roi\030\030_F_R_5_roi.png,030,R,,
data\processed\bmpd_roi\030\030_F_R_6_roi.png,030,R,,
data\processed\bmpd_roi\030\030_F_R_7_roi.png,030,R,,
data\processed\bmpd_roi\030\030_F_R_8_roi.png,030,R,,
data\processed\bmpd_roi\030\030_F_R_9_roi.png,030,R,,
data\processed\bmpd_roi\030\030_S_R_10_roi.png,030,R,,
data\processed\bmpd_roi\030\030_S_R_11_roi.png,030,R,,
data\processed\bmpd_roi\030\030_S_R_12_roi.png,030,R,,
data\processed\bmpd_roi\030\030_S_R_13_roi.png,030,R,,
data\processed\bmpd_roi\030\030_S_R_14_roi.png,030,R,,
data\processed\bmpd_roi\030\030_S_R_15_roi.png,030,R,,
data\processed\bmpd_roi\030\030_S_R_16_roi.png,030,R,,
data\processed\bmpd_roi\030\030_S_R_17_roi.png,030,R,,
data\processed\bmpd_roi\030\030_S_R_18_roi.png,030,R,,
data\processed\bmpd_roi\030\030_S_R_19_roi.png,030,R,,
data\processed\bmpd_roi\030\030_S_L_20_roi.png,030,L,,
data\processed\bmpd_roi\030\030_S_L_21_roi.png,030,L,,
data\processed\bmpd_roi\030\030_S_L_22_roi.png,030,L,,
data\processed\bmpd_roi\030\030_S_L_23_roi.png,030,L,,
data\processed\bmpd_roi\030\030_S_L_24_roi.png,030,L,,
data\processed\bmpd_roi\030\030_S_L_25_roi.png,030,L,,
data\processed\bmpd_roi\030\030_S_L_26_roi.png,030,L,,
data\processed\bmpd_roi\030\030_S_L_27_roi.png,030,L,,
data\processed\bmpd_roi\030\030_S_L_28_roi.png,030,L,,
data\processed\bmpd_roi\030\030_S_L_29_roi.png,030,L,,
data\processed\bmpd_roi\030\030_F_L_30_roi.png,030,L,,
data\processed\bmpd_roi\030\030_F_L_31_roi.png,030,L,,
data\processed\bmpd_roi\030\030_F_L_32_roi.png,030,L,,
data\processed\bmpd_roi\030\030_F_L_33_roi.png,030,L,,
data\processed\bmpd_roi\030\030_F_L_34_roi.png,030,L,,
data\processed\bmpd_roi\030\030_F_L_35_roi.png,030,L,,
data\processed\bmpd_roi\030\030_F_L_36_roi.png,030,L,,
data\processed\bmpd_roi\030\030_F_L_37_roi.png,030,L,,
data\processed\bmpd_roi\030\030_F_L_38_roi.png,030,L,,
data\processed\bmpd_roi\030\030_F_L_39_roi.png,030,L,,
data\processed\bmpd_roi\031\031_F_R_0_roi.png,031,R,,
data\processed\bmpd_roi\031\031_F_R_1_roi.png,031,R,,
data\processed\bmpd_roi\031\031_F_R_2_roi.png,031,R,,
data\processed\bmpd_roi\031\031_F_R_3_roi.png,031,R,,
data\processed\bmpd_roi\031\031_F_R_4_roi.png,031,R,,
data\processed\bmpd_roi\031\031_F_R_5_roi.png,031,R,,
data\processed\bmpd_roi\031\031_F_R_6_roi.png,031,R,,
data\processed\bmpd_roi\031\031_F_R_7_roi.png,031,R,,
data\processed\bmpd_roi\031\031_F_R_8_roi.png,031,R,,
data\processed\bmpd_roi\031\031_F_R_9_roi.png,031,R,,
data\processed\bmpd_roi\031\031_S_R_10_roi.png,031,R,,
data\processed\bmpd_roi\031\031_S_R_11_roi.png,031,R,,
data\processed\bmpd_roi\031\031_S_R_12_roi.png,031,R,,
data\processed\bmpd_roi\031\031_S_R_13_roi.png,031,R,,
data\processed\bmpd_roi\031\031_S_R_14_roi.png,031,R,,
data\processed\bmpd_roi\031\031_S_R_15_roi.png,031,R,,
data\processed\bmpd_roi\031\031_S_R_16_roi.png,031,R,,
data\processed\bmpd_roi\031\031_S_R_17_roi.png,031,R,,
data\processed\bmpd_roi\031\031_S_R_18_roi.png,031,R,,
data\processed\bmpd_roi\031\031_S_R_19_roi.png,031,R,,
data\processed\bmpd_roi\031\031_S_L_20_roi.png,031,L,,
data\processed\bmpd_roi\031\031_S_L_21_roi.png,031,L,,
data\processed\bmpd_roi\031\031_S_L_22_roi.png,031,L,,
data\processed\bmpd_roi\031\031_S_L_23_roi.png,031,L,,
data\processed\bmpd_roi\031\031_S_L_24_roi.png,031,L,,
data\processed\bmpd_roi\031\031_S_L_25_roi.png,031,L,,
data\processed\bmpd_roi\031\031_S_L_26_roi.png,031,L,,
data\processed\bmpd_roi\031\031_S_L_27_roi.png,031,L,,
data\processed\bmpd_roi\031\031_S_L_28_roi.png,031,L,,
data\processed\bmpd_roi\031\031_S_L_29_roi.png,031,L,,
data\processed\bmpd_roi\031\031_F_L_30_roi.png,031,L,,
data\processed\bmpd_roi\031\031_F_L_31_roi.png,031,L,,
data\processed\bmpd_roi\031\031_F_L_32_roi.png,031,L,,
data\processed\bmpd_roi\031\031_F_L_33_roi.png,031,L,,
data\processed\bmpd_roi\031\031_F_L_34_roi.png,031,L,,
data\processed\bmpd_roi\031\031_F_L_35_roi.png,031,L,,
data\processed\bmpd_roi\031\031_F_L_36_roi.png,031,L,,
data\processed\bmpd_roi\031\031_F_L_37_roi.png,031,L,,
data\processed\bmpd_roi\031\031_F_L_38_roi.png,031,L,,
data\processed\bmpd_roi\031\031_F_L_39_roi.png,031,L,,
data\processed\bmpd_roi\032\032_F_R_0_roi.png,032,R,,
data\processed\bmpd_roi\032\032_F_R_1_roi.png,032,R,,
data\processed\bmpd_roi\032\032_F_R_2_roi.png,032,R,,
data\processed\bmpd_roi\032\032_F_R_3_roi.png,032,R,,
data\processed\bmpd_roi\032\032_F_R_4_roi.png,032,R,,
data\processed\bmpd_roi\032\032_F_R_5_roi.png,032,R,,
data\processed\bmpd_roi\032\032_F_R_6_roi.png,032,R,,
data\processed\bmpd_roi\032\032_F_R_7_roi.png,032,R,,
data\processed\bmpd_roi\032\032_F_R_8_roi.png,032,R,,
data\processed\bmpd_roi\032\032_F_R_9_roi.png,032,R,,
data\processed\bmpd_roi\032\032_S_R_10_roi.png,032,R,,
data\processed\bmpd_roi\032\032_S_R_11_roi.png,032,R,,
data\processed\bmpd_roi\032\032_S_R_12_roi.png,032,R,,
data\processed\bmpd_roi\032\032_S_R_13_roi.png,032,R,,
data\processed\bmpd_roi\032\032_S_R_14_roi.png,032,R,,
data\processed\bmpd_roi\032\032_S_R_15_roi.png,032,R,,
data\processed\bmpd_roi\032\032_S_R_16_roi.png,032,R,,
data\processed\bmpd_roi\032\032_S_R_17_roi.png,032,R,,
data\processed\bmpd_roi\032\032_S_R_18_roi.png,032,R,,
data\processed\bmpd_roi\032\032_S_R_19_roi.png,032,R,,
data\processed\bmpd_roi\032\032_S_L_20_roi.png,032,L,,
data\processed\bmpd_roi\032\032_S_L_21_roi.png,032,L,,
data\processed\bmpd_roi\032\032_S_L_22_roi.png,032,L,,
data\processed\bmpd_roi\032\032_S_L_23_roi.png,032,L,,
data\processed\bmpd_roi\032\032_S_L_24_roi.png,032,L,,
data\processed\bmpd_roi\032\032_S_L_25_roi.png,032,L,,
data\processed\bmpd_roi\032\032_S_L_26_roi.png,032,L,,
data\processed\bmpd_roi\032\032_S_L_27_roi.png,032,L,,
data\processed\bmpd_roi\032\032_S_L_28_roi.png,032,L,,
data\processed\bmpd_roi\032\032_S_L_29_roi.png,032,L,,
data\processed\bmpd_roi\032\032_F_L_30_roi.png,032,L,,
data\processed\bmpd_roi\032\032_F_L_31_roi.png,032,L,,
data\processed\bmpd_roi\032\032_F_L_32_roi.png,032,L,,
data\processed\bmpd_roi\032\032_F_L_33_roi.png,032,L,,
data\processed\bmpd_roi\032\032_F_L_34_roi.png,032,L,,
data\processed\bmpd_roi\032\032_F_L_35_roi.png,032,L,,
data\processed\bmpd_roi\032\032_F_L_36_roi.png,032,L,,
data\processed\bmpd_roi\032\032_F_L_37_roi.png,032,L,,
data\processed\bmpd_roi\032\032_F_L_38_roi.png,032,L,,
data\processed\bmpd_roi\032\032_F_L_39_roi.png,032,L,,
data\processed\bmpd_roi\033\033_F_R_0_roi.png,033,R,,
data\processed\bmpd_roi\033\033_F_R_1_roi.png,033,R,,
data\processed\bmpd_roi\033\033_F_R_2_roi.png,033,R,,
data\processed\bmpd_roi\033\033_F_R_3_roi.png,033,R,,
data\processed\bmpd_roi\033\033_F_R_4_roi.png,033,R,,
data\processed\bmpd_roi\033\033_F_R_5_roi.png,033,R,,
data\processed\bmpd_roi\033\033_F_R_6_roi.png,033,R,,
data\processed\bmpd_roi\033\033_F_R_7_roi.png,033,R,,
data\processed\bmpd_roi\033\033_F_R_8_roi.png,033,R,,
data\processed\bmpd_roi\033\033_F_R_9_roi.png,033,R,,
data\processed\bmpd_roi\033\033_S_R_10_roi.png,033,R,,
data\processed\bmpd_roi\033\033_S_R_11_roi.png,033,R,,
data\processed\bmpd_roi\033\033_S_R_12_roi.png,033,R,,
data\processed\bmpd_roi\033\033_S_R_13_roi.png,033,R,,
data\processed\bmpd_roi\033\033_S_R_14_roi.png,033,R,,
data\processed\bmpd_roi\033\033_S_R_15_roi.png,033,R,,
data\processed\bmpd_roi\033\033_S_R_16_roi.png,033,R,,
data\processed\bmpd_roi\033\033_S_R_17_roi.png,033,R,,
data\processed\bmpd_roi\033\033_S_R_18_roi.png,033,R,,
data\processed\bmpd_roi\033\033_S_R_19_roi.png,033,R,,
data\processed\bmpd_roi\033\033_S_L_20_roi.png,033,L,,
data\processed\bmpd_roi\033\033_S_L_21_roi.png,033,L,,
data\processed\bmpd_roi\033\033_S_L_22_roi.png,033,L,,
data\processed\bmpd_roi\033\033_S_L_23_roi.png,033,L,,
data\processed\bmpd_roi\033\033_S_L_24_roi.png,033,L,,
data\processed\bmpd_roi\033\033_S_L_25_roi.png,033,L,,
data\processed\bmpd_roi\033\033_S_L_26_roi.png,033,L,,
data\processed\bmpd_roi\033\033_S_L_27_roi.png,033,L,,
data\processed\bmpd_roi\033\033_S_L_28_roi.png,033,L,,
data\processed\bmpd_roi\033\033_S_L_29_roi.png,033,L,,
data\processed\bmpd_roi\033\033_F_L_30_roi.png,033,L,,
data\processed\bmpd_roi\033\033_F_L_31_roi.png,033,L,,
data\processed\bmpd_roi\033\033_F_L_32_roi.png,033,L,,
data\processed\bmpd_roi\033\033_F_L_33_roi.png,033,L,,
data\processed\bmpd_roi\033\033_F_L_34_roi.png,033,L,,
data\processed\bmpd_roi\033\033_F_L_35_roi.png,033,L,,
data\processed\bmpd_roi\033\033_F_L_36_roi.png,033,L,,
data\processed\bmpd_roi\033\033_F_L_37_roi.png,033,L,,
data\processed\bmpd_roi\033\033_F_L_38_roi.png,033,L,,
data\processed\bmpd_roi\033\033_F_L_39_roi.png,033,L,,
data\processed\bmpd_roi\034\034_F_R_0_roi.png,034,R,,
data\processed\bmpd_roi\034\034_F_R_1_roi.png,034,R,,
data\processed\bmpd_roi\034\034_F_R_2_roi.png,034,R,,
data\processed\bmpd_roi\034\034_F_R_3_roi.png,034,R,,
data\processed\bmpd_roi\034\034_F_R_4_roi.png,034,R,,
data\processed\bmpd_roi\034\034_F_R_5_roi.png,034,R,,
data\processed\bmpd_roi\034\034_F_R_6_roi.png,034,R,,
data\processed\bmpd_roi\034\034_F_R_7_roi.png,034,R,,
data\processed\bmpd_roi\034\034_F_R_8_roi.png,034,R,,
data\processed\bmpd_roi\034\034_F_R_9_roi.png,034,R,,
data\processed\bmpd_roi\034\034_S_R_10_roi.png,034,R,,
data\processed\bmpd_roi\034\034_S_R_11_roi.png,034,R,,
data\processed\bmpd_roi\034\034_S_R_12_roi.png,034,R,,
data\processed\bmpd_roi\034\034_S_R_13_roi.png,034,R,,
data\processed\bmpd_roi\034\034_S_R_14_roi.png,034,R,,
data\processed\bmpd_roi\034\034_S_R_15_roi.png,034,R,,
data\processed\bmpd_roi\034\034_S_R_16_roi.png,034,R,,
data\processed\bmpd_roi\034\034_S_R_17_roi.png,034,R,,
data\processed\bmpd_roi\034\034_S_R_18_roi.png,034,R,,
data\processed\bmpd_roi\034\034_S_R_19_roi.png,034,R,,
data\processed\bmpd_roi\034\034_S_L_20_roi.png,034,L,,
data\processed\bmpd_roi\034\034_S_L_21_roi.png,034,L,,
data\processed\bmpd_roi\034\034_S_L_22_roi.png,034,L,,
data\processed\bmpd_roi\034\034_S_L_23_roi.png,034,L,,
data\processed\bmpd_roi\034\034_S_L_24_roi.png,034,L,,
data\processed\bmpd_roi\034\034_S_L_25_roi.png,034,L,,
data\processed\bmpd_roi\034\034_S_L_26_roi.png,034,L,,
data\processed\bmpd_roi\034\034_S_L_27_roi.png,034,L,,
data\processed\bmpd_roi\034\034_S_L_28_roi.png,034,L,,
data\processed\bmpd_roi\034\034_S_L_29_roi.png,034,L,,
data\processed\bmpd_roi\034\034_F_L_30_roi.png,034,L,,
data\processed\bmpd_roi\034\034_F_L_31_roi.png,034,L,,
data\processed\bmpd_roi\034\034_F_L_32_roi.png,034,L,,
data\processed\bmpd_roi\034\034_F_L_33_roi.png,034,L,,
data\processed\bmpd_roi\034\034_F_L_34_roi.png,034,L,,
data\processed\bmpd_roi\034\034_F_L_35_roi.png,034,L,,
data\processed\bmpd_roi\034\034_F_L_36_roi.png,034,L,,
data\processed\bmpd_roi\034\034_F_L_37_roi.png,034,L,,
data\processed\bmpd_roi\034\034_F_L_38_roi.png,034,L,,
data\processed\bmpd_roi\034\034_F_L_39_roi.png,034,L,,
data\processed\bmpd_roi\035\035_F_R_0_roi.png,035,R,,
data\processed\bmpd_roi\035\035_F_R_1_roi.png,035,R,,
data\processed\bmpd_roi\035\035_F_R_2_roi.png,035,R,,
data\processed\bmpd_roi\035\035_F_R_3_roi.png,035,R,,
data\processed\bmpd_roi\035\035_F_R_4_roi.png,035,R,,
data\processed\bmpd_roi\035\035_F_R_5_roi.png,035,R,,
data\processed\bmpd_roi\035\035_F_R_6_roi.png,035,R,,
data\processed\bmpd_roi\035\035_F_R_7_roi.png,035,R,,
data\processed\bmpd_roi\035\035_F_R_8_roi.png,035,R,,
data\processed\bmpd_roi\035\035_F_R_9_roi.png,035,R,,
data\processed\bmpd_roi\035\035_S_R_10_roi.png,035,R,,
data\processed\bmpd_roi\035\035_S_R_11_roi.png,035,R,,
data\processed\bmpd_roi\035\035_S_R_12_roi.png,035,R,,
data\processed\bmpd_roi\035\035_S_R_13_roi.png,035,R,,
data\processed\bmpd_roi\035\035_S_R_14_roi.png,035,R,,
data\processed\bmpd_roi\035\035_S_R_15_roi.png,035,R,,
data\processed\bmpd_roi\035\035_S_R_16_roi.png,035,R,,
data\processed\bmpd_roi\035\035_S_R_17_roi.png,035,R,,
data\processed\bmpd_roi\035\035_S_R_18_roi.png,035,R,,
data\processed\bmpd_roi\035\035_S_R_19_roi.png,035,R,,
data\processed\bmpd_roi\035\035_S_L_20_roi.png,035,L,,
data\processed\bmpd_roi\035\035_S_L_21_roi.png,035,L,,
data\processed\bmpd_roi\035\035_S_L_22_roi.png,035,L,,
data\processed\bmpd_roi\035\035_S_L_23_roi.png,035,L,,
data\processed\bmpd_roi\035\035_S_L_24_roi.png,035,L,,
data\processed\bmpd_roi\035\035_S_L_25_roi.png,035,L,,
data\processed\bmpd_roi\035\035_S_L_26_roi.png,035,L,,
data\processed\bmpd_roi\035\035_S_L_27_roi.png,035,L,,
data\processed\bmpd_roi\035\035_S_L_28_roi.png,035,L,,
data\processed\bmpd_roi\035\035_S_L_29_roi.png,035,L,,
data\processed\bmpd_roi\035\035_F_L_30_roi.png,035,L,,
data\processed\bmpd_roi\035\035_F_L_31_roi.png,035,L,,
data\processed\bmpd_roi\035\035_F_L_32_roi.png,035,L,,
data\processed\bmpd_roi\035\035_F_L_33_roi.png,035,L,,
data\processed\bmpd_roi\035\035_F_L_34_roi.png,035,L,,
data\processed\bmpd_roi\035\035_F_L_35_roi.png,035,L,,
data\processed\bmpd_roi\035\035_F_L_36_roi.png,035,L,,
data\processed\bmpd_roi\035\035_F_L_37_roi.png,035,L,,
data\processed\bmpd_roi\035\035_F_L_38_roi.png,035,L,,
data\processed\bmpd_roi\035\035_F_L_39_roi.png,035,L,,
data\processed\bmpd_roi\036\036_F_R_0_roi.png,036,R,,
data\processed\bmpd_roi\036\036_F_R_1_roi.png,036,R,,
data\processed\bmpd_roi\036\036_F_R_2_roi.png,036,R,,
data\processed\bmpd_roi\036\036_F_R_3_roi.png,036,R,,
data\processed\bmpd_roi\036\036_F_R_4_roi.png,036,R,,
data\processed\bmpd_roi\036\036_F_R_5_roi.png,036,R,,
data\processed\bmpd_roi\036\036_F_R_6_roi.png,036,R,b,crop
data\processed\bmpd_roi\036\036_F_R_7_roi.png,036,R,,
data\processed\bmpd_roi\036\036_F_R_8_roi.png,036,R,,
data\processed\bmpd_roi\036\036_F_R_9_roi.png,036,R,,
data\processed\bmpd_roi\036\036_S_R_10_roi.png,036,R,,
data\processed\bmpd_roi\036\036_S_R_11_roi.png,036,R,,
data\processed\bmpd_roi\036\036_S_R_12_roi.png,036,R,,
data\processed\bmpd_roi\036\036_S_R_13_roi.png,036,R,,
data\processed\bmpd_roi\036\036_S_R_14_roi.png,036,R,,
data\processed\bmpd_roi\036\036_S_R_15_roi.png,036,R,,
data\processed\bmpd_roi\036\036_S_R_16_roi.png,036,R,,
data\processed\bmpd_roi\036\036_S_R_17_roi.png,036,R,,
data\processed\bmpd_roi\036\036_S_R_18_roi.png,036,R,,
data\processed\bmpd_roi\036\036_S_R_19_roi.png,036,R,,
data\processed\bmpd_roi\036\036_S_L_20_roi.png,036,L,,
data\processed\bmpd_roi\036\036_S_L_21_roi.png,036,L,,
data\processed\bmpd_roi\036\036_S_L_22_roi.png,036,L,,
data\processed\bmpd_roi\036\036_S_L_23_roi.png,036,L,,
data\processed\bmpd_roi\036\036_S_L_24_roi.png,036,L,,
data\processed\bmpd_roi\036\036_S_L_25_roi.png,036,L,,
data\processed\bmpd_roi\036\036_S_L_26_roi.png,036,L,,
data\processed\bmpd_roi\036\036_S_L_27_roi.png,036,L,,
data\processed\bmpd_roi\036\036_S_L_28_roi.png,036,L,,
data\processed\bmpd_roi\036\036_S_L_29_roi.png,036,L,,
data\processed\bmpd_roi\036\036_F_L_30_roi.png,036,L,,
data\processed\bmpd_roi\036\036_F_L_31_roi.png,036,L,,
data\processed\bmpd_roi\036\036_F_L_32_roi.png,036,L,,
data\processed\bmpd_roi\036\036_F_L_33_roi.png,036,L,,
data\processed\bmpd_roi\036\036_F_L_34_roi.png,036,L,,
data\processed\bmpd_roi\036\036_F_L_35_roi.png,036,L,,
data\processed\bmpd_roi\036\036_F_L_36_roi.png,036,L,,
data\processed\bmpd_roi\036\036_F_L_37_roi.png,036,L,,
data\processed\bmpd_roi\036\036_F_L_38_roi.png,036,L,,
data\processed\bmpd_roi\036\036_F_L_39_roi.png,036,L,,
data\processed\bmpd_roi\037\037_F_R_0_roi.png,037,R,,
data\processed\bmpd_roi\037\037_F_R_1_roi.png,037,R,,
data\processed\bmpd_roi\037\037_F_R_2_roi.png,037,R,,
data\processed\bmpd_roi\037\037_F_R_3_roi.png,037,R,,
data\processed\bmpd_roi\037\037_F_R_4_roi.png,037,R,,
data\processed\bmpd_roi\037\037_F_R_5_roi.png,037,R,,
data\processed\bmpd_roi\037\037_F_R_6_roi.png,037,R,,
data\processed\bmpd_roi\037\037_F_R_7_roi.png,037,R,,
data\processed\bmpd_roi\037\037_F_R_8_roi.png,037,R,,
data\processed\bmpd_roi\037\037_F_R_9_roi.png,037,R,,
data\processed\bmpd_roi\037\037_S_R_10_roi.png,037,R,,
data\processed\bmpd_roi\037\037_S_R_11_roi.png,037,R,,
data\processed\bmpd_roi\037\037_S_R_12_roi.png,037,R,,
data\processed\bmpd_roi\037\037_S_R_13_roi.png,037,R,,
data\processed\bmpd_roi\037\037_S_R_14_roi.png,037,R,,
data\processed\bmpd_roi\037\037_S_R_15_roi.png,037,R,,
data\processed\bmpd_roi\037\037_S_R_16_roi.png,037,R,,
data\processed\bmpd_roi\037\037_S_R_17_roi.png,037,R,,
data\processed\bmpd_roi\037\037_S_R_18_roi.png,037,R,,
data\processed\bmpd_roi\037\037_S_R_19_roi.png,037,R,,
data\processed\bmpd_roi\037\037_S_L_20_roi.png,037,L,,
data\processed\bmpd_roi\037\037_S_L_21_roi.png,037,L,,
data\processed\bmpd_roi\037\037_S_L_22_roi.png,037,L,,
data\processed\bmpd_roi\037\037_S_L_23_roi.png,037,L,,
data\processed\bmpd_roi\037\037_S_L_24_roi.png,037,L,,
data\processed\bmpd_roi\037\037_S_L_25_roi.png,037,L,,
data\processed\bmpd_roi\037\037_S_L_26_roi.png,037,L,,
data\processed\bmpd_roi\037\037_S_L_27_roi.png,037,L,,
data\processed\bmpd_roi\037\037_S_L_28_roi.png,037,L,,
data\processed\bmpd_roi\037\037_S_L_29_roi.png,037,L,,
data\processed\bmpd_roi\037\037_F_L_30_roi.png,037,L,,
data\processed\bmpd_roi\037\037_F_L_31_roi.png,037,L,,
data\processed\bmpd_roi\037\037_F_L_32_roi.png,037,L,,
data\processed\bmpd_roi\037\037_F_L_33_roi.png,037,L,,
data\processed\bmpd_roi\037\037_F_L_34_roi.png,037,L,,
data\processed\bmpd_roi\037\037_F_L_35_roi.png,037,L,,
data\processed\bmpd_roi\037\037_F_L_36_roi.png,037,L,,
data\processed\bmpd_roi\037\037_F_L_37_roi.png,037,L,,
data\processed\bmpd_roi\037\037_F_L_38_roi.png,037,L,,
data\processed\bmpd_roi\037\037_F_L_39_roi.png,037,L,,
data\processed\bmpd_roi\038\038_F_R_0_roi.png,038,R,,
data\processed\bmpd_roi\038\038_F_R_1_roi.png,038,R,,
data\processed\bmpd_roi\038\038_F_R_2_roi.png,038,R,,
data\processed\bmpd_roi\038\038_F_R_3_roi.png,038,R,,
data\processed\bmpd_roi\038\038_F_R_4_roi.png,038,R,,
data\processed\bmpd_roi\038\038_F_R_5_roi.png,038,R,,
data\processed\bmpd_roi\038\038_F_R_6_roi.png,038,R,,
data\processed\bmpd_roi\038\038_F_R_7_roi.png,038,R,,
data\processed\bmpd_roi\038\038_F_R_8_roi.png,038,R,,
data\processed\bmpd_roi\038\038_F_R_9_roi.png,038,R,,
data\processed\bmpd_roi\038\038_S_R_10_roi.png,038,R,,
data\processed\bmpd_roi\038\038_S_R_11_roi.png,038,R,,
data\processed\bmpd_roi\038\038_S_R_12_roi.png,038,R,,
data\processed\bmpd_roi\038\038_S_R_13_roi.png,038,R,,
data\processed\bmpd_roi\038\038_S_R_14_roi.png,038,R,,
data\processed\bmpd_roi\038\038_S_R_15_roi.png,038,R,,
data\processed\bmpd_roi\038\038_S_R_16_roi.png,038,R,,
data\processed\bmpd_roi\038\038_S_R_17_roi.png,038,R,,
data\processed\bmpd_roi\038\038_S_R_18_roi.png,038,R,,
data\processed\bmpd_roi\038\038_S_R_19_roi.png,038,R,,
data\processed\bmpd_roi\038\038_S_L_20_roi.png,038,L,,
data\processed\bmpd_roi\038\038_S_L_21_roi.png,038,L,,
data\processed\bmpd_roi\038\038_S_L_22_roi.png,038,L,,
data\processed\bmpd_roi\038\038_S_L_23_roi.png,038,L,,
data\processed\bmpd_roi\038\038_S_L_24_roi.png,038,L,,
data\processed\bmpd_roi\038\038_S_L_25_roi.png,038,L,,
data\processed\bmpd_roi\038\038_S_L_26_roi.png,038,L,,
data\processed\bmpd_roi\038\038_S_L_27_roi.png,038,L,,
data\processed\bmpd_roi\038\038_S_L_28_roi.png,038,L,,
data\processed\bmpd_roi\038\038_S_L_29_roi.png,038,L,,
data\processed\bmpd_roi\038\038_F_L_30_roi.png,038,L,,
data\processed\bmpd_roi\038\038_F_L_31_roi.png,038,L,,
data\processed\bmpd_roi\038\038_F_L_32_roi.png,038,L,,
data\processed\bmpd_roi\038\038_F_L_33_roi.png,038,L,,
data\processed\bmpd_roi\038\038_F_L_34_roi.png,038,L,,
data\processed\bmpd_roi\038\038_F_L_35_roi.png,038,L,,
data\processed\bmpd_roi\038\038_F_L_36_roi.png,038,L,,
data\processed\bmpd_roi\038\038_F_L_37_roi.png,038,L,,
data\processed\bmpd_roi\038\038_F_L_38_roi.png,038,L,,
data\processed\bmpd_roi\038\038_F_L_39_roi.png,038,L,,
data\processed\bmpd_roi\039\039_F_R_0_roi.png,039,R,,
data\processed\bmpd_roi\039\039_F_R_1_roi.png,039,R,,
data\processed\bmpd_roi\039\039_F_R_2_roi.png,039,R,,
data\processed\bmpd_roi\039\039_F_R_3_roi.png,039,R,,
data\processed\bmpd_roi\039\039_F_R_4_roi.png,039,R,,
data\processed\bmpd_roi\039\039_F_R_5_roi.png,039,R,,
data\processed\bmpd_roi\039\039_F_R_6_roi.png,039,R,,
data\processed\bmpd_roi\039\039_F_R_7_roi.png,039,R,,
data\processed\bmpd_roi\039\039_F_R_8_roi.png,039,R,,
data\processed\bmpd_roi\039\039_F_R_9_roi.png,039,R,,
data\processed\bmpd_roi\039\039_S_R_10_roi.png,039,R,,
data\processed\bmpd_roi\039\039_S_R_11_roi.png,039,R,,
data\processed\bmpd_roi\039\039_S_R_12_roi.png,039,R,,
data\processed\bmpd_roi\039\039_S_R_13_roi.png,039,R,,
data\processed\bmpd_roi\039\039_S_R_14_roi.png,039,R,,
data\processed\bmpd_roi\039\039_S_R_15_roi.png,039,R,,
data\processed\bmpd_roi\039\039_S_R_16_roi.png,039,R,,
data\processed\bmpd_roi\039\039_S_R_17_roi.png,039,R,,
data\processed\bmpd_roi\039\039_S_R_18_roi.png,039,R,,
data\processed\bmpd_roi\039\039_S_R_19_roi.png,039,R,,
data\processed\bmpd_roi\039\039_S_L_20_roi.png,039,L,,
data\processed\bmpd_roi\039\039_S_L_21_roi.png,039,L,,
data\processed\bmpd_roi\039\039_S_L_22_roi.png,039,L,,
data\processed\bmpd_roi\039\039_S_L_23_roi.png,039,L,,
data\processed\bmpd_roi\039\039_S_L_24_roi.png,039,L,,
data\processed\bmpd_roi\039\039_S_L_25_roi.png,039,L,,
data\processed\bmpd_roi\039\039_S_L_26_roi.png,039,L,,
data\processed\bmpd_roi\039\039_S_L_27_roi.png,039,L,,
data\processed\bmpd_roi\039\039_S_L_28_roi.png,039,L,,
data\processed\bmpd_roi\039\039_S_L_29_roi.png,039,L,,
data\processed\bmpd_roi\039\039_F_L_30_roi.png,039,L,,
data\processed\bmpd_roi\039\039_F_L_31_roi.png,039,L,,
data\processed\bmpd_roi\039\039_F_L_32_roi.png,039,L,,
data\processed\bmpd_roi\039\039_F_L_33_roi.png,039,L,,
data\processed\bmpd_roi\039\039_F_L_34_roi.png,039,L,,
data\processed\bmpd_roi\039\039_F_L_35_roi.png,039,L,,
data\processed\bmpd_roi\039\039_F_L_36_roi.png,039,L,,
data\processed\bmpd_roi\039\039_F_L_37_roi.png,039,L,,
data\processed\bmpd_roi\039\039_F_L_38_roi.png,039,L,,
data\processed\bmpd_roi\039\039_F_L_39_roi.png,039,L,,
data\processed\bmpd_roi\040\040_F_R_0_roi.png,040,R,,
data\processed\bmpd_roi\040\040_F_R_1_roi.png,040,R,,
data\processed\bmpd_roi\040\040_F_R_2_roi.png,040,R,,
data\processed\bmpd_roi\040\040_F_R_3_roi.png,040,R,,
data\processed\bmpd_roi\040\040_F_R_4_roi.png,040,R,,
data\processed\bmpd_roi\040\040_F_R_5_roi.png,040,R,,
data\processed\bmpd_roi\040\040_F_R_6_roi.png,040,R,b,crop
data\processed\bmpd_roi\040\040_F_R_7_roi.png,040,R,,
data\processed\bmpd_roi\040\040_F_R_8_roi.png,040,R,b,crop
data\processed\bmpd_roi\040\040_F_R_9_roi.png,040,R,b,crop
data\processed\bmpd_roi\040\040_S_R_10_roi.png,040,R,b,crop
data\processed\bmpd_roi\040\040_S_R_11_roi.png,040,R,b,crop
data\processed\bmpd_roi\040\040_S_R_12_roi.png,040,R,b,crop
data\processed\bmpd_roi\040\040_S_R_13_roi.png,040,R,b,crop
data\processed\bmpd_roi\040\040_S_R_14_roi.png,040,R,b,crop
data\processed\bmpd_roi\040\040_S_R_15_roi.png,040,R,b,crop
data\processed\bmpd_roi\040\040_S_R_16_roi.png,040,R,b,crop
data\processed\bmpd_roi\040\040_S_R_17_roi.png,040,R,b,crop
data\processed\bmpd_roi\040\040_S_R_18_roi.png,040,R,b,crop
data\processed\bmpd_roi\040\040_S_R_19_roi.png,040,R,,
data\processed\bmpd_roi\040\040_S_L_20_roi.png,040,L,b,crop
data\processed\bmpd_roi\040\040_S_L_21_roi.png,040,L,b,crop
data\processed\bmpd_roi\040\040_S_L_22_roi.png,040,L,b,crop
data\processed\bmpd_roi\040\040_S_L_23_roi.png,040,L,b,crop
data\processed\bmpd_roi\040\040_S_L_24_roi.png,040,L,,
data\processed\bmpd_roi\040\040_S_L_25_roi.png,040,L,b,crop
data\processed\bmpd_roi\040\040_S_L_26_roi.png,040,L,b,crop
data\processed\bmpd_roi\040\040_S_L_27_roi.png,040,L,b,crop
data\processed\bmpd_roi\040\040_S_L_28_roi.png,040,L,b,crop
data\processed\bmpd_roi\040\040_S_L_29_roi.png,040,L,b,crop
data\processed\bmpd_roi\040\040_F_L_30_roi.png,040,L,b,crop
data\processed\bmpd_roi\040\040_F_L_31_roi.png,040,L,b,crop
data\processed\bmpd_roi\040\040_F_L_32_roi.png,040,L,,
data\processed\bmpd_roi\040\040_F_L_33_roi.png,040,L,,
data\processed\bmpd_roi\040\040_F_L_34_roi.png,040,L,,
data\processed\bmpd_roi\040\040_F_L_35_roi.png,040,L,,
data\processed\bmpd_roi\040\040_F_L_36_roi.png,040,L,,
data\processed\bmpd_roi\040\040_F_L_37_roi.png,040,L,,
data\processed\bmpd_roi\040\040_F_L_38_roi.png,040,L,,
data\processed\bmpd_roi\040\040_F_L_39_roi.png,040,L,,
data\processed\bmpd_roi\041\041_F_R_0_roi.png,041,R,,
data\processed\bmpd_roi\041\041_F_R_1_roi.png,041,R,,
data\processed\bmpd_roi\041\041_F_R_2_roi.png,041,R,,
data\processed\bmpd_roi\041\041_F_R_3_roi.png,041,R,,
data\processed\bmpd_roi\041\041_F_R_4_roi.png,041,R,,
data\processed\bmpd_roi\041\041_F_R_5_roi.png,041,R,,
data\processed\bmpd_roi\041\041_F_R_6_roi.png,041,R,,
data\processed\bmpd_roi\041\041_F_R_7_roi.png,041,R,,
data\processed\bmpd_roi\041\041_F_R_8_roi.png,041,R,,
data\processed\bmpd_roi\041\041_F_R_9_roi.png,041,R,,
data\processed\bmpd_roi\041\041_S_R_10_roi.png,041,R,,
data\processed\bmpd_roi\041\041_S_R_11_roi.png,041,R,,
data\processed\bmpd_roi\041\041_S_R_12_roi.png,041,R,,
data\processed\bmpd_roi\041\041_S_R_13_roi.png,041,R,,
data\processed\bmpd_roi\041\041_S_R_14_roi.png,041,R,,
data\processed\bmpd_roi\041\041_S_R_15_roi.png,041,R,,
data\processed\bmpd_roi\041\041_S_R_16_roi.png,041,R,,
data\processed\bmpd_roi\041\041_S_R_17_roi.png,041,R,,
data\processed\bmpd_roi\041\041_S_R_18_roi.png,041,R,,
data\processed\bmpd_roi\041\041_S_R_19_roi.png,041,R,,
data\processed\bmpd_roi\041\041_S_L_20_roi.png,041,L,b,crop
data\processed\bmpd_roi\041\041_S_L_21_roi.png,041,L,,
data\processed\bmpd_roi\041\041_S_L_22_roi.png,041,L,,
data\processed\bmpd_roi\041\041_S_L_23_roi.png,041,L,b,crop
data\processed\bmpd_roi\041\041_S_L_24_roi.png,041,L,,
data\processed\bmpd_roi\041\041_S_L_25_roi.png,041,L,,
data\processed\bmpd_roi\041\041_S_L_26_roi.png,041,L,,
data\processed\bmpd_roi\041\041_S_L_27_roi.png,041,L,b,crop
data\processed\bmpd_roi\041\041_S_L_28_roi.png,041,L,b,crop
data\processed\bmpd_roi\041\041_S_L_29_roi.png,041,L,b,crop
data\processed\bmpd_roi\041\041_F_L_30_roi.png,041,L,b,crop
data\processed\bmpd_roi\041\041_F_L_31_roi.png,041,L,b,crop
data\processed\bmpd_roi\041\041_F_L_32_roi.png,041,L,b,crop
data\processed\bmpd_roi\041\041_F_L_33_roi.png,041,L,b,crop
data\processed\bmpd_roi\041\041_F_L_34_roi.png,041,L,b,crop
data\processed\bmpd_roi\041\041_F_L_35_roi.png,041,L,b,crop
data\processed\bmpd_roi\041\041_F_L_36_roi.png,041,L,b,crop
data\processed\bmpd_roi\041\041_F_L_37_roi.png,041,L,b,crop
data\processed\bmpd_roi\041\041_F_L_38_roi.png,041,L,b,crop
data\processed\bmpd_roi\041\041_F_L_39_roi.png,041,L,b,crop
